i,e,b,m,s,smart
4.064,1.697,2.367,0.582,0.0000086,1
2.504,1.172,1.332,0.532,0.0000028,1
0.57,0.243,0.327,0.574,0.00000111,1
0.975,0.397,0.578,0.593,0.00000227,1
0.017,0.008,0.009,0.548,0.00000002,2
0.094,0.043,0.051,0.54,0.00000012,2
204.5,7.449,197.051,0.964,0.00197296,1
0.095,0.047,0.048,0.509,0.00000006,2
0.636,0.333,0.303,0.476,0.00000001,2
3.92,1.419,2.501,0.638,0.00001261,1
0.012,0.005,0.007,0.587,0.00000003,2
0.7,0.257,0.443,0.633,0.00000218,1
0.012,0.006,0.006,0.508,0.00000001,2
0.024,0.011,0.013,0.548,0.00000003,2
0.04,0.02,0.02,0.508,0.00000003,2
0.086,0.036,0.05,0.579,0.00000018,2
0.037,0.017,0.02,0.553,0.00000006,2
5.782,2.693,3.089,0.534,0.00000674,1
0.031,0.013,0.018,0.592,0.00000007,2
0.095,0.047,0.048,0.509,0.00000006,2
0.015,0.007,0.008,0.528,0.00000002,2
0.077,0.037,0.04,0.525,0.00000008,2
0.037,0.017,0.02,0.553,0.00000006,2
0.025,0.012,0.013,0.508,0.00000002,2
0.031,0.015,0.016,0.518,0.00000003,2
0.094,0.043,0.051,0.54,0.00000012,2
0.017,0.008,0.009,0.531,0.00000002,2
0.095,0.047,0.048,0.509,0.00000006,2
0.094,0.044,0.05,0.529,0.0000001,2
0.085,0.04,0.045,0.533,0.0000001,2
0.826,0.385,0.441,0.534,0.00000096,2
0.989,0.446,0.543,0.549,0.00000145,1
0.04,0.019,0.021,0.523,0.00000004,2
0.027,0.011,0.016,0.585,0.00000006,2
0.968,0.439,0.529,0.546,0.00000136,1
0.014,0.006,0.008,0.592,0.00000003,2
1.288,0.603,0.685,0.531,0.00000143,1
0.08,0.037,0.043,0.541,0.0000001,2
0.091,0.042,0.049,0.544,0.00000012,2
0.011,0.005,0.006,0.521,0.00000001,2
0.072,0.035,0.037,0.515,0.00000006,2
0.03,0.013,0.016,0.552,0.00000005,2
0.06,0.025,0.035,0.577,0.00000012,2
5.782,2.693,3.089,0.534,0.00000674,1
2.1,1.122,0.978,0.466,-0.00000039,3
0.015,0.007,0.008,0.528,0.00000002,2
0.071,0.033,0.038,0.538,0.00000009,2
3.227,1.682,1.545,0.479,0.00000023,2
4.716,1.7,3.016,0.64,0.00001531,1
0.726,0.322,0.404,0.556,0.00000116,1
0.524,0.189,0.335,0.64,0.0000017,1
0.03,0.013,0.016,0.552,0.00000005,2
0.508,0.212,0.296,0.582,0.00000107,1
6.797,3.266,3.531,0.519,0.00000593,1
0.06,0.027,0.033,0.551,0.00000009,2
0.08,0.039,0.041,0.515,0.00000006,2
0.525,0.28,0.245,0.466,-0.0000001,3
0.086,0.04,0.046,0.536,0.0000001,2
2.19,1.122,1.068,0.488,0.00000055,2
0.025,0.012,0.013,0.508,0.00000002,2
0.424,0.222,0.202,0.476,0.00000001,2
0.054,0.023,0.031,0.581,0.00000011,2
0.066,0.029,0.037,0.568,0.00000012,2
0.013,0.006,0.007,0.561,0.00000002,2
4.992,2.158,2.834,0.568,0.00000912,1
0.086,0.036,0.05,0.579,0.00000018,2
0.077,0.035,0.042,0.541,0.0000001,2
37.1,20.018,17.082,0.46,-0.00001085,4
0.532,0.262,0.27,0.507,0.00000033,2
0.091,0.042,0.049,0.544,0.00000012,2
0.037,0.017,0.02,0.553,0.00000006,2
0.924,0.333,0.591,0.639,0.000003,1
0.013,0.005,0.008,0.594,0.00000003,2
0.02,0.008,0.012,0.583,0.00000004,2
7.496,3.486,4.01,0.535,0.00000885,1
210.54,62.441,148.099,0.703,0.0009497,1
0.07,0.032,0.037,0.536,0.00000008,2
0.03,0.013,0.017,0.569,0.00000006,2
0.013,0.006,0.007,0.561,0.00000002,2
0.082,0.038,0.044,0.53,0.00000009,2
0.1,0.047,0.053,0.528,0.0000001,2
0.011,0.005,0.006,0.568,0.00000002,2
0.017,0.008,0.009,0.531,0.00000002,2
3.384,1.3,2.084,0.616,0.0000094,1
0.042,0.019,0.023,0.554,0.00000007,2
0.891,0.403,0.488,0.547,0.00000127,1
0.065,0.028,0.037,0.57,0.00000012,2
0.092,0.045,0.047,0.505,0.00000005,2
0.041,0.018,0.023,0.559,0.00000007,2
4.475,1.841,2.634,0.589,0.00001003,1
3.008,1.155,1.853,0.616,0.00000836,1
0.021,0.009,0.012,0.58,0.00000004,2
0.879,0.396,0.483,0.549,0.00000129,1
0.017,0.008,0.009,0.556,0.00000003,2
1.022,0.488,0.534,0.523,0.00000095,2
1.504,0.578,0.926,0.616,0.00000418,1
0.03,0.013,0.016,0.552,0.00000005,2
0.094,0.04,0.054,0.577,0.00000019,2
1.115,0.415,0.7,0.628,0.00000337,1
0.031,0.015,0.016,0.518,0.00000003,2
0.402,0.184,0.218,0.543,0.00000053,2
3.168,1.612,1.556,0.491,0.00000099,2
0.094,0.04,0.054,0.577,0.00000019,2
0.323,0.151,0.172,0.534,0.00000037,2
0.071,0.03,0.041,0.573,0.00000014,2
0.939,0.472,0.467,0.497,0.0000004,2
0.091,0.042,0.049,0.544,0.00000012,2
0.025,0.011,0.014,0.549,0.00000004,2
0.016,0.007,0.009,0.544,0.00000002,2
0.077,0.035,0.042,0.541,0.0000001,2
0.02,0.01,0.01,0.523,0.00000002,2
1.82,0.735,1.085,0.596,0.00000434,1
0.031,0.013,0.018,0.592,0.00000007,2
0.015,0.007,0.008,0.528,0.00000002,2
0.082,0.037,0.045,0.55,0.00000012,2
1.425,0.607,0.818,0.574,0.00000278,1
0.025,0.012,0.013,0.508,0.00000002,2
0.074,0.034,0.04,0.547,0.00000011,2
0.08,0.038,0.041,0.519,0.00000007,2
7.434,3.462,3.972,0.534,0.00000867,1
3.87,1.868,2.002,0.517,0.00000322,1
0.04,0.019,0.021,0.523,0.00000004,2
3.304,1.539,1.765,0.534,0.00000385,1
2.868,1.23,1.638,0.571,0.00000543,1
0.016,0.007,0.009,0.535,0.00000002,2
0.037,0.017,0.02,0.553,0.00000006,2
0.027,0.011,0.016,0.585,0.00000006,2
0.05,0.023,0.027,0.54,0.00000006,2
0.017,0.008,0.009,0.556,0.00000003,2
8.019,3.63,4.389,0.547,0.00001142,1
1.452,0.644,0.808,0.556,0.00000233,1
0.016,0.008,0.008,0.516,0.00000001,2
5.12,2.675,2.445,0.477,0.00000023,2
0.07,0.029,0.041,0.585,0.00000015,2
0.478,0.205,0.273,0.571,0.00000091,2
5.508,2.512,2.996,0.544,0.00000748,1
3.072,1.605,1.467,0.477,0.00000014,2
0.072,0.029,0.043,0.592,0.00000017,2
2.448,1.116,1.332,0.544,0.00000332,1
0.015,0.007,0.008,0.528,0.00000002,2
0.016,0.007,0.009,0.535,0.00000002,2
1.21,0.549,0.661,0.546,0.0000017,1
0.095,0.047,0.048,0.509,0.00000006,2
6.363,2.699,3.664,0.576,0.00001265,1
1.266,0.501,0.765,0.604,0.00000323,1
0.832,0.36,0.472,0.568,0.00000152,1
0.048,0.022,0.026,0.539,0.00000006,2
0.065,0.028,0.037,0.57,0.00000012,2
0.078,0.034,0.044,0.562,0.00000013,2
0.04,0.017,0.023,0.568,0.00000007,2
0.093,0.043,0.05,0.539,0.00000012,2
0.013,0.005,0.008,0.594,0.00000003,2
0.015,0.007,0.008,0.528,0.00000002,2
0.024,0.011,0.013,0.548,0.00000003,2
0.012,0.006,0.006,0.51,0.00000001,2
0.041,0.018,0.023,0.559,0.00000007,2
0.944,0.477,0.467,0.495,0.00000036,2
0.05,0.02,0.03,0.59,0.00000011,2
0.035,0.015,0.02,0.581,0.00000007,2
0.053,0.024,0.029,0.549,0.00000008,2
0.094,0.043,0.051,0.54,0.00000012,2
0.665,0.331,0.334,0.502,0.00000035,2
0.082,0.037,0.045,0.55,0.00000012,2
0.082,0.04,0.042,0.511,0.00000006,2
0.072,0.035,0.037,0.515,0.00000006,2
0.02,0.008,0.012,0.583,0.00000004,2
0.05,0.021,0.029,0.576,0.0000001,2
0.025,0.011,0.014,0.549,0.00000004,2
3.15,1.683,1.467,0.466,-0.00000058,3
751.68,670.465,81.215,0.108,-0.00549053,4
2.892,1.501,1.391,0.481,0.00000033,2
0.012,0.005,0.007,0.581,0.00000003,2
0.212,0.111,0.101,0.476,0,2
0.08,0.037,0.043,0.541,0.0000001,2
1.968,0.944,1.024,0.52,0.00000175,1
0.074,0.032,0.042,0.572,0.00000014,2
0.092,0.039,0.053,0.574,0.00000018,2
3.328,1.439,1.889,0.568,0.00000608,1
0.093,0.038,0.055,0.592,0.00000021,2
0.094,0.044,0.05,0.529,0.0000001,2
1.199,0.451,0.748,0.624,0.00000352,1
0.054,0.023,0.031,0.568,0.0000001,2
1.446,0.75,0.696,0.481,0.00000017,2
0.031,0.015,0.016,0.518,0.00000003,2
682.56,608.813,73.747,0.108,-0.00498245,4
0.626,0.293,0.333,0.532,0.0000007,2
0.07,0.034,0.036,0.512,0.00000005,2
0.882,0.369,0.513,0.582,0.00000185,1
3.576,1.459,2.117,0.592,0.00000826,1
0.013,0.005,0.008,0.594,0.00000003,2
0.086,0.038,0.048,0.558,0.00000014,2
0.544,0.268,0.276,0.508,0.00000035,2
0.03,0.013,0.017,0.552,0.00000005,2
87.12,25.838,61.282,0.703,0.00039283,1
0.028,0.013,0.015,0.55,0.00000004,2
2.8,1.028,1.772,0.633,0.00000871,1
2.584,1.204,1.38,0.534,0.00000299,1
0.04,0.02,0.02,0.508,0.00000003,2
3.32,1.722,1.598,0.481,0.0000004,2
0.014,0.006,0.008,0.592,0.00000003,2
1.341,0.547,0.794,0.592,0.0000031,1
0.042,0.019,0.023,0.554,0.00000007,2
0.091,0.042,0.049,0.544,0.00000012,2
0.042,0.019,0.023,0.554,0.00000007,2
0.076,0.033,0.043,0.563,0.00000013,2
0.626,0.315,0.311,0.497,0.00000027,2
0.016,0.007,0.009,0.557,0.00000003,2
0.894,0.365,0.529,0.592,0.00000206,1
0.014,0.006,0.008,0.592,0.00000003,2
1.312,0.629,0.683,0.52,0.00000117,1
1.974,0.939,1.035,0.524,0.00000191,1
0.012,0.006,0.006,0.508,0.00000001,2
0.798,0.397,0.401,0.502,0.00000042,2
4.221,1.793,2.428,0.575,0.00000834,1
0.07,0.034,0.036,0.512,0.00000005,2
0.093,0.038,0.055,0.592,0.00000021,2
0.037,0.017,0.02,0.553,0.00000006,2
0.242,0.091,0.151,0.623,0.0000007,2
0.092,0.039,0.053,0.574,0.00000018,2
0.06,0.027,0.033,0.551,0.00000009,2
2.625,1.402,1.223,0.466,-0.00000049,3
2.23,0.829,1.401,0.628,0.00000674,1
0.325,0.132,0.193,0.593,0.00000076,2
0.036,0.015,0.021,0.591,0.00000008,2
0.053,0.024,0.029,0.549,0.00000008,2
0.086,0.036,0.05,0.579,0.00000018,2
0.092,0.039,0.053,0.574,0.00000018,2
0.012,0.005,0.007,0.587,0.00000003,2
0.031,0.014,0.017,0.549,0.00000005,2
0.08,0.039,0.041,0.515,0.00000006,2
0.093,0.038,0.055,0.592,0.00000021,2
0.04,0.018,0.022,0.551,0.00000006,2
0.067,0.031,0.036,0.541,0.00000009,2
0.015,0.007,0.008,0.544,0.00000002,2
0.86,0.415,0.445,0.517,0.00000072,2
0.012,0.005,0.007,0.587,0.00000003,2
0.077,0.035,0.042,0.541,0.0000001,2
0.55,0.248,0.302,0.549,0.0000008,2
0.804,0.368,0.436,0.543,0.00000107,1
2.121,0.9,1.221,0.576,0.00000422,1
0.017,0.008,0.009,0.556,0.00000003,2
2.49,1.292,1.198,0.481,0.0000003,2
0.015,0.007,0.008,0.544,0.00000002,2
0.082,0.04,0.042,0.511,0.00000006,2
0.06,0.027,0.033,0.551,0.00000009,2
0.017,0.008,0.009,0.531,0.00000002,2
393.24,250.034,143.206,0.364,-0.00086501,4
0.04,0.017,0.023,0.568,0.00000007,2
0.015,0.007,0.008,0.528,0.00000002,2
0.082,0.04,0.042,0.511,0.00000006,2
0.012,0.006,0.006,0.508,0.00000001,2
0.082,0.04,0.042,0.511,0.00000006,2
0.016,0.007,0.009,0.535,0.00000002,2
2.412,1.024,1.388,0.575,0.00000477,1
0.015,0.007,0.008,0.528,0.00000002,2
0.067,0.031,0.036,0.541,0.00000009,2
5.768,2.988,2.78,0.482,0.00000077,2
0.094,0.043,0.051,0.54,0.00000012,2
0.082,0.037,0.045,0.55,0.00000012,2
0.083,0.037,0.046,0.555,0.00000013,2
0.082,0.037,0.045,0.55,0.00000012,2
1.197,0.596,0.601,0.502,0.00000063,2
0.03,0.013,0.016,0.552,0.00000005,2
0.082,0.038,0.044,0.53,0.00000009,2
0.02,0.008,0.012,0.583,0.00000004,2
0.012,0.006,0.006,0.51,0.00000001,2
0.076,0.033,0.043,0.563,0.00000013,2
0.017,0.008,0.009,0.556,0.00000003,2
0.021,0.01,0.011,0.543,0.00000003,2
1.888,0.954,0.934,0.495,0.00000073,2
0.016,0.007,0.009,0.557,0.00000003,2
0.017,0.008,0.009,0.531,0.00000002,2
0.068,0.03,0.038,0.553,0.0000001,2
0.02,0.009,0.011,0.541,0.00000003,2
6.78,2.518,4.262,0.629,0.00002055,1
2.62,0.944,1.676,0.64,0.0000085,1
0.077,0.035,0.042,0.541,0.0000001,2
0.054,0.023,0.031,0.568,0.0000001,2
0.083,0.037,0.046,0.555,0.00000013,2
0.024,0.011,0.013,0.548,0.00000003,2
1.33,0.656,0.674,0.507,0.00000083,2
2.034,0.755,1.279,0.629,0.00000616,1
0.017,0.008,0.009,0.555,0.00000003,2
4.15,2.153,1.997,0.481,0.0000005,2
0.053,0.024,0.029,0.549,0.00000008,2
0.013,0.006,0.007,0.561,0.00000002,2
2.788,1.299,1.489,0.534,0.00000324,1
1.504,0.578,0.926,0.616,0.00000418,1
0.086,0.038,0.048,0.558,0.00000014,2
0.2,0.089,0.111,0.556,0.00000032,2
0.076,0.034,0.042,0.551,0.00000011,2
0.027,0.011,0.016,0.585,0.00000006,2
0.328,0.157,0.171,0.52,0.00000029,2
0.014,0.006,0.008,0.579,0.00000003,2
0.031,0.014,0.017,0.549,0.00000005,2
1.4,0.514,0.886,0.633,0.00000436,1
0.076,0.034,0.042,0.557,0.00000012,2
2.6,1.058,1.542,0.593,0.00000606,1
0.924,0.333,0.591,0.639,0.000003,1
0.095,0.047,0.048,0.509,0.00000006,2
0.03,0.013,0.016,0.552,0.00000005,2
0.048,0.022,0.026,0.539,0.00000006,2
8.18,0.298,7.882,0.964,0.00007891,1
3.227,1.682,1.545,0.479,0.00000023,2
0.035,0.015,0.02,0.581,0.00000007,2
0.074,0.034,0.04,0.547,0.00000011,2
0.092,0.039,0.053,0.574,0.00000018,2
0.086,0.038,0.048,0.558,0.00000014,2
0.784,0.284,0.5,0.638,0.00000252,1
0.017,0.008,0.009,0.548,0.00000002,2
0.076,0.034,0.042,0.557,0.00000012,2
0.01,0.004,0.006,0.594,0.00000002,2
0.021,0.009,0.012,0.58,0.00000004,2
0.022,0.009,0.013,0.571,0.00000004,2
0.026,0.013,0.013,0.508,0.00000002,2
0.025,0.011,0.014,0.549,0.00000004,2
0.093,0.038,0.055,0.592,0.00000021,2
0.077,0.035,0.042,0.541,0.0000001,2
6.354,3.231,3.123,0.492,0.00000205,1
0.086,0.04,0.046,0.536,0.0000001,2
0.05,0.021,0.029,0.576,0.0000001,2
0.031,0.013,0.018,0.592,0.00000007,2
0.066,0.029,0.037,0.568,0.00000012,2
0.011,0.005,0.006,0.569,0.00000002,2
0.03,0.013,0.017,0.569,0.00000006,2
0.06,0.027,0.033,0.551,0.00000009,2
0.01,0.004,0.006,0.594,0.00000002,2
7.128,3.628,3.5,0.491,0.00000223,1
2.15,1.038,1.112,0.517,0.00000179,1
1.79,0.736,1.054,0.589,0.00000401,1
0.65,0.264,0.386,0.593,0.00000151,1
0.047,0.022,0.025,0.522,0.00000004,2
0.094,0.04,0.054,0.577,0.00000019,2
0.07,0.029,0.041,0.585,0.00000015,2
0.073,0.033,0.04,0.55,0.00000011,2
2.997,1.35,1.647,0.55,0.0000044,1
1.016,0.424,0.592,0.582,0.00000215,1
0.895,0.368,0.527,0.589,0.00000201,1
0.011,0.004,0.007,0.594,0.00000003,2
0.584,0.279,0.305,0.523,0.00000055,2
1.784,0.663,1.121,0.628,0.00000539,1
0.7,0.257,0.443,0.633,0.00000218,1
0.078,0.034,0.044,0.562,0.00000013,2
0.041,0.018,0.023,0.559,0.00000007,2
2.576,1.207,1.369,0.531,0.00000286,1
3.39,1.259,2.131,0.629,0.00001028,1
1.386,0.5,0.886,0.639,0.0000045,1
0.026,0.013,0.013,0.508,0.00000002,2
1.452,0.644,0.808,0.556,0.00000233,1
1.089,0.483,0.606,0.556,0.00000175,1
5.32,2.156,3.164,0.595,0.00001256,1
0.016,0.008,0.008,0.517,0.00000001,2
0.074,0.034,0.04,0.547,0.00000011,2
0.093,0.038,0.055,0.592,0.00000021,2
0.071,0.03,0.041,0.573,0.00000014,2
0.857,0.418,0.439,0.512,0.00000062,2
0.015,0.007,0.008,0.534,0.00000002,2
0.074,0.034,0.04,0.547,0.00000011,2
0.086,0.04,0.046,0.536,0.0000001,2
0.035,0.015,0.02,0.558,0.00000006,2
1.808,0.955,0.853,0.472,-0.00000011,3
0.02,0.009,0.011,0.541,0.00000003,2
1.064,0.525,0.539,0.507,0.00000066,2
0.025,0.011,0.014,0.549,0.00000004,2
2.62,0.944,1.676,0.64,0.0000085,1
0.014,0.006,0.008,0.579,0.00000003,2
0.082,0.04,0.042,0.514,0.00000006,2
0.037,0.017,0.02,0.553,0.00000006,2
0.093,0.038,0.055,0.592,0.00000021,2
0.086,0.04,0.046,0.536,0.0000001,2
4.105,2.199,1.906,0.464,-0.00000089,3
0.094,0.043,0.051,0.54,0.00000012,2
7.92,4.228,3.692,0.466,-0.00000141,4
0.08,0.039,0.041,0.515,0.00000006,2
0.012,0.006,0.006,0.507,0.00000001,2
0.093,0.038,0.055,0.592,0.00000021,2
0.02,0.01,0.01,0.523,0.00000002,2
155.42,5.661,149.759,0.964,0.00149942,1
0.017,0.008,0.009,0.531,0.00000002,2
0.015,0.007,0.008,0.544,0.00000002,2
0.035,0.015,0.02,0.581,0.00000007,2
3.176,1.559,1.617,0.509,0.00000214,1
0.025,0.011,0.014,0.549,0.00000004,2
0.68,0.335,0.345,0.508,0.00000044,2
0.073,0.033,0.04,0.551,0.00000011,2
0.086,0.038,0.048,0.558,0.00000014,2
0.017,0.008,0.009,0.556,0.00000003,2
0.2,0.089,0.111,0.556,0.00000032,2
0.07,0.032,0.037,0.536,0.00000008,2
0.071,0.033,0.038,0.538,0.00000009,2
0.02,0.008,0.012,0.583,0.00000004,2
0.012,0.005,0.007,0.581,0.00000003,2
0.728,0.294,0.434,0.596,0.00000174,1
0.048,0.022,0.026,0.539,0.00000006,2
0.07,0.032,0.037,0.536,0.00000008,2
0.04,0.018,0.022,0.551,0.00000006,2
0.093,0.038,0.055,0.592,0.00000021,2
0.023,0.01,0.013,0.578,0.00000005,2
0.06,0.025,0.035,0.577,0.00000012,2
0.04,0.019,0.021,0.523,0.00000004,2
5.047,2.614,2.433,0.482,0.00000067,2
2.31,0.833,1.477,0.639,0.00000749,1
0.083,0.038,0.045,0.538,0.0000001,2
0.532,0.265,0.267,0.502,0.00000028,2
0.017,0.008,0.009,0.556,0.00000003,2
379.68,241.412,138.268,0.364,-0.00083511,4
0.091,0.042,0.049,0.544,0.00000012,2
0.017,0.008,0.009,0.531,0.00000002,2
7.434,3.462,3.972,0.534,0.00000867,1
2.576,1.207,1.369,0.531,0.00000286,1
0.022,0.009,0.013,0.571,0.00000004,2
0.03,0.013,0.016,0.552,0.00000005,2
0.05,0.021,0.029,0.576,0.0000001,2
0.1,0.047,0.053,0.528,0.0000001,2
0.041,0.017,0.024,0.587,0.00000009,2
2.305,1.201,1.104,0.479,0.00000017,2
0.053,0.024,0.029,0.549,0.00000008,2
1.048,0.378,0.67,0.64,0.0000034,1
0.042,0.019,0.023,0.554,0.00000007,2
0.45,0.169,0.281,0.624,0.00000132,1
0.016,0.007,0.009,0.546,0.00000002,2
0.023,0.01,0.013,0.578,0.00000005,2
0.012,0.006,0.006,0.508,0.00000001,2
0.073,0.032,0.041,0.565,0.00000013,2
7.128,3.227,3.901,0.547,0.00001015,1
0.086,0.038,0.048,0.558,0.00000014,2
0.071,0.033,0.038,0.538,0.00000009,2
0.085,0.04,0.045,0.533,0.0000001,2
0.1,0.047,0.053,0.528,0.0000001,2
6.727,3.592,3.135,0.466,-0.00000122,4
0.626,0.315,0.311,0.497,0.00000027,2
3.015,1.281,1.734,0.575,0.00000596,1
0.016,0.008,0.008,0.517,0.00000001,2
0.041,0.017,0.024,0.587,0.00000009,2
4.242,1.799,2.443,0.576,0.00000843,1
0.082,0.04,0.042,0.511,0.00000006,2
0.061,0.03,0.031,0.508,0.00000004,2
0.052,0.021,0.031,0.587,0.00000012,2
5.508,2.512,2.996,0.544,0.00000748,1
0.023,0.01,0.013,0.578,0.00000005,2
4.716,1.7,3.016,0.64,0.00001531,1
0.054,0.023,0.031,0.581,0.00000011,2
3.304,1.539,1.765,0.534,0.00000385,1
0.027,0.011,0.016,0.585,0.00000006,2
6.489,3.361,3.128,0.482,0.00000086,2
0.04,0.019,0.021,0.523,0.00000004,2
192.23,7.002,185.228,0.964,0.00185457,1
0.041,0.018,0.023,0.559,0.00000007,2
0.04,0.02,0.02,0.508,0.00000003,2
5.826,2.8,3.026,0.519,0.00000509,1
4.338,2.251,2.087,0.481,0.0000005,2
0.08,0.039,0.041,0.515,0.00000006,2
0.078,0.034,0.044,0.562,0.00000013,2
28.32,15.413,12.907,0.456,-0.0000109,4
0.1,0.054,0.046,0.463,-0.00000002,3
6.336,3.224,3.112,0.491,0.00000198,1
1.252,0.586,0.666,0.532,0.0000014,1
2.15,1.038,1.112,0.517,0.00000179,1
0.015,0.007,0.008,0.534,0.00000002,2
0.026,0.013,0.013,0.508,0.00000002,2
235.04,149.446,85.594,0.364,-0.00051648,4
5.999,2.927,3.072,0.512,0.00000438,1
0.096,0.044,0.052,0.541,0.00000013,2
0.02,0.009,0.011,0.541,0.00000003,2
0.054,0.023,0.031,0.581,0.00000011,2
0.461,0.24,0.221,0.479,0.00000003,2
0.04,0.019,0.021,0.523,0.00000004,2
5.796,2.715,3.081,0.531,0.00000644,1
0.076,0.033,0.043,0.563,0.00000013,2
0.073,0.032,0.041,0.565,0.00000013,2
0.067,0.031,0.036,0.541,0.00000009,2
0.01,0.004,0.006,0.594,0.00000002,2
0.03,0.013,0.017,0.569,0.00000006,2
1.536,0.803,0.733,0.477,0.00000007,2
1.016,0.424,0.592,0.582,0.00000215,1
0.076,0.034,0.042,0.557,0.00000012,2
0.032,0.014,0.018,0.576,0.00000006,2
0.02,0.009,0.011,0.541,0.00000003,2
0.924,0.376,0.548,0.593,0.00000216,1
0.016,0.007,0.009,0.544,0.00000002,2
0.047,0.022,0.025,0.522,0.00000004,2
0.04,0.019,0.021,0.523,0.00000004,2
0.9,0.483,0.417,0.463,-0.00000022,3
2.032,0.849,1.183,0.582,0.0000043,1
0.092,0.039,0.053,0.574,0.00000018,2
0.078,0.034,0.044,0.562,0.00000013,2
0.012,0.006,0.006,0.507,0.00000001,2
1.252,0.63,0.622,0.497,0.00000054,2
0.094,0.043,0.051,0.54,0.00000012,2
0.07,0.032,0.037,0.536,0.00000008,2
2.178,0.966,1.212,0.556,0.00000349,1
5.824,2.518,3.306,0.568,0.00001064,1
0.02,0.008,0.012,0.586,0.00000004,2
0.011,0.005,0.006,0.569,0.00000002,2
0.065,0.028,0.037,0.57,0.00000012,2
0.067,0.031,0.036,0.541,0.00000009,2
0.03,0.013,0.017,0.569,0.00000006,2
3.87,1.868,2.002,0.517,0.00000322,1
6.608,3.078,3.53,0.534,0.00000771,1
0.012,0.006,0.006,0.51,0.00000001,2
0.121,0.046,0.075,0.623,0.00000035,2
0.013,0.006,0.007,0.561,0.00000002,2
0.04,0.02,0.02,0.508,0.00000003,2
0.092,0.045,0.047,0.505,0.00000005,2
0.016,0.008,0.008,0.516,0.00000001,2
0.728,0.294,0.434,0.596,0.00000174,1
0.021,0.01,0.011,0.51,0.00000001,2
0.017,0.008,0.009,0.555,0.00000003,2
0.085,0.04,0.045,0.533,0.0000001,2
3.374,1.751,1.623,0.481,0.00000039,2
0.041,0.017,0.024,0.587,0.00000009,2
0.014,0.006,0.008,0.579,0.00000003,2
7.434,3.462,3.972,0.534,0.00000867,1
1.808,0.955,0.853,0.472,-0.00000011,3
0.092,0.039,0.053,0.574,0.00000018,2
1.652,0.769,0.883,0.534,0.00000193,1
2.868,1.23,1.638,0.571,0.00000543,1
7.056,2.554,4.502,0.638,0.0000227,1
0.041,0.017,0.024,0.587,0.00000009,2
0.082,0.04,0.042,0.511,0.00000006,2
0.093,0.038,0.055,0.592,0.00000021,2
0.092,0.038,0.054,0.584,0.0000002,2
0.015,0.007,0.008,0.544,0.00000002,2
0.06,0.025,0.035,0.577,0.00000012,2
4.788,1.941,2.847,0.595,0.0000113,1
0.026,0.013,0.013,0.508,0.00000002,2
1.36,0.669,0.691,0.508,0.00000088,2
0.016,0.008,0.008,0.517,0.00000001,2
0.076,0.034,0.042,0.551,0.00000011,2
0.8,0.355,0.445,0.556,0.00000128,1
6.237,2.823,3.414,0.547,0.00000888,1
0.093,0.038,0.055,0.592,0.00000021,2
0.065,0.028,0.037,0.57,0.00000012,2
0.02,0.009,0.011,0.553,0.00000003,2
9.37,4.357,5.013,0.535,0.00001106,1
0.876,0.418,0.458,0.523,0.00000082,2
0.025,0.012,0.013,0.508,0.00000002,2
0.08,0.037,0.043,0.541,0.0000001,2
3.58,1.472,2.108,0.589,0.00000803,1
0.085,0.04,0.045,0.533,0.0000001,2
0.092,0.045,0.047,0.505,0.00000005,2
1.199,0.451,0.748,0.624,0.00000352,1
566.4,308.259,258.141,0.456,-0.00021859,4
0.08,0.039,0.041,0.515,0.00000006,2
0.02,0.01,0.01,0.523,0.00000002,2
0.094,0.04,0.054,0.577,0.00000019,2
0.012,0.006,0.006,0.507,0.00000001,2
0.447,0.182,0.265,0.592,0.00000103,1
0.02,0.009,0.011,0.541,0.00000003,2
0.036,0.015,0.021,0.591,0.00000008,2
0.072,0.035,0.037,0.515,0.00000006,2
1.936,0.878,1.058,0.546,0.00000272,1
0.052,0.021,0.031,0.587,0.00000012,2
3.688,1.922,1.766,0.479,0.00000027,2
2.385,0.962,1.423,0.597,0.00000572,1
0.082,0.038,0.044,0.53,0.00000009,2
0.021,0.01,0.011,0.543,0.00000003,2
3.584,1.873,1.711,0.477,0.00000016,2
2.664,1.2,1.464,0.55,0.00000391,1
0.011,0.004,0.007,0.594,0.00000003,2
1.848,0.751,1.097,0.593,0.00000431,1
0.015,0.007,0.008,0.544,0.00000002,2
0.848,0.444,0.404,0.476,0.00000002,2
0.073,0.033,0.04,0.551,0.00000011,2
0.028,0.013,0.015,0.55,0.00000004,2
2.892,1.501,1.391,0.481,0.00000033,2
0.048,0.022,0.026,0.539,0.00000006,2
0.083,0.037,0.046,0.555,0.00000013,2
397.76,252.908,144.852,0.364,-0.00087498,4
0.016,0.007,0.009,0.544,0.00000002,2
0.04,0.02,0.02,0.508,0.00000003,2
0.068,0.03,0.038,0.553,0.0000001,2
0.03,0.013,0.017,0.569,0.00000006,2
0.065,0.028,0.037,0.57,0.00000012,2
3.25,1.322,1.928,0.593,0.00000757,1
0.017,0.008,0.009,0.548,0.00000002,2
0.333,0.15,0.183,0.55,0.00000049,2
0.092,0.038,0.054,0.584,0.0000002,2
0.016,0.008,0.008,0.516,0.00000001,2
7.434,3.462,3.972,0.534,0.00000867,1
0.094,0.04,0.054,0.577,0.00000019,2
0.076,0.034,0.042,0.557,0.00000012,2
0.11,0.05,0.06,0.549,0.00000016,2
0.012,0.006,0.006,0.507,0.00000001,2
0.931,0.459,0.472,0.507,0.00000058,2
0.03,0.013,0.017,0.569,0.00000006,2
1.968,0.944,1.024,0.52,0.00000175,1
0.032,0.014,0.018,0.576,0.00000006,2
0.223,0.083,0.14,0.628,0.00000067,2
0.011,0.005,0.006,0.568,0.00000002,2
0.012,0.006,0.006,0.507,0.00000001,2
0.054,0.023,0.031,0.568,0.0000001,2
2.032,0.849,1.183,0.582,0.0000043,1
3.96,2.015,1.945,0.491,0.00000124,1
0.077,0.037,0.04,0.525,0.00000008,2
0.55,0.248,0.302,0.549,0.0000008,2
0.952,0.468,0.484,0.508,0.00000062,2
0.093,0.038,0.055,0.592,0.00000021,2
0.011,0.005,0.006,0.569,0.00000002,2
0.857,0.418,0.439,0.512,0.00000062,2
0.015,0.007,0.008,0.528,0.00000002,2
0.014,0.006,0.008,0.592,0.00000003,2
7.496,3.486,4.01,0.535,0.00000885,1
2.954,1.169,1.785,0.604,0.00000754,1
1.266,0.501,0.765,0.604,0.00000323,1
0.626,0.293,0.333,0.532,0.0000007,2
0.032,0.014,0.018,0.576,0.00000006,2
0.092,0.039,0.053,0.574,0.00000018,2
0.027,0.011,0.016,0.585,0.00000006,2
2.032,0.849,1.183,0.582,0.0000043,1
0.086,0.036,0.05,0.579,0.00000018,2
0.021,0.01,0.011,0.543,0.00000003,2
0.04,0.02,0.02,0.508,0.00000003,2
1.764,0.738,1.026,0.582,0.00000371,1
3.576,1.459,2.117,0.592,0.00000826,1
0.071,0.033,0.038,0.538,0.00000009,2
1.912,0.82,1.092,0.571,0.00000362,1
0.57,0.243,0.327,0.574,0.00000111,1
5.747,3.079,2.668,0.464,-0.00000124,4
0.644,0.302,0.342,0.531,0.00000072,2
0.016,0.008,0.008,0.517,0.00000001,2
0.626,0.293,0.333,0.532,0.0000007,2
0.017,0.008,0.009,0.556,0.00000003,2
2.824,1.436,1.388,0.492,0.00000091,2
0.017,0.008,0.009,0.531,0.00000002,2
0.017,0.008,0.009,0.519,0.00000001,2
3.675,1.963,1.712,0.466,-0.00000068,3
6.102,2.266,3.836,0.629,0.0000185,1
0.093,0.043,0.05,0.539,0.00000012,2
0.073,0.032,0.041,0.565,0.00000013,2
0.06,0.025,0.035,0.577,0.00000012,2
0.073,0.033,0.04,0.551,0.00000011,2
0.242,0.11,0.132,0.546,0.00000034,2
0.012,0.006,0.006,0.51,0.00000001,2
1.572,0.567,1.005,0.64,0.0000051,1
0.04,0.017,0.023,0.568,0.00000007,2
0.086,0.036,0.05,0.579,0.00000018,2
0.077,0.037,0.04,0.525,0.00000008,2
5.008,2.344,2.664,0.532,0.0000056,1
0.092,0.045,0.047,0.505,0.00000005,2
0.05,0.023,0.027,0.54,0.00000006,2
0.052,0.021,0.031,0.587,0.00000012,2
0.083,0.038,0.045,0.538,0.0000001,2
0.855,0.364,0.491,0.574,0.00000167,1
0.017,0.008,0.009,0.555,0.00000003,2
0.726,0.329,0.397,0.546,0.00000102,1
0.876,0.418,0.458,0.523,0.00000082,2
0.037,0.017,0.02,0.553,0.00000006,2
3.756,1.758,1.998,0.532,0.0000042,1
2.673,1.21,1.463,0.547,0.00000381,1
5.634,2.637,2.997,0.532,0.0000063,1
0.061,0.03,0.031,0.508,0.00000004,2
0.047,0.022,0.025,0.522,0.00000004,2
3.52,1.879,1.641,0.466,-0.00000063,3
699.84,624.226,75.614,0.108,-0.00510941,4
0.013,0.006,0.007,0.561,0.00000002,2
0.06,0.025,0.035,0.577,0.00000012,2
0.076,0.033,0.043,0.563,0.00000013,2
4.302,1.845,2.457,0.571,0.00000815,1
0.612,0.279,0.333,0.544,0.00000083,2
0.014,0.006,0.008,0.579,0.00000003,2
0.08,0.038,0.041,0.519,0.00000007,2
3.564,1.613,1.951,0.547,0.00000508,1
0.07,0.029,0.041,0.585,0.00000015,2
0.532,0.265,0.267,0.502,0.00000028,2
0.072,0.035,0.037,0.515,0.00000006,2
0.011,0.005,0.006,0.521,0.00000001,2
0.07,0.032,0.037,0.536,0.00000008,2
0.012,0.005,0.007,0.587,0.00000003,2
0.012,0.006,0.006,0.508,0.00000001,2
2.12,0.855,1.265,0.597,0.00000508,1
0.146,0.07,0.076,0.523,0.00000014,2
0.016,0.008,0.008,0.516,0.00000001,2
0.02,0.01,0.01,0.523,0.00000002,2
0.012,0.005,0.007,0.587,0.00000003,2
0.061,0.03,0.031,0.508,0.00000004,2
0.047,0.022,0.025,0.522,0.00000004,2
0.02,0.008,0.012,0.586,0.00000004,2
7.496,3.486,4.01,0.535,0.00000885,1
0.072,0.029,0.043,0.592,0.00000017,2
0.086,0.04,0.046,0.536,0.0000001,2
1.416,0.716,0.7,0.495,0.00000054,2
2.954,1.169,1.785,0.604,0.00000754,1
0.077,0.037,0.04,0.525,0.00000008,2
6.727,3.592,3.135,0.466,-0.00000122,4
3.724,1.509,2.215,0.595,0.00000879,1
0.025,0.011,0.014,0.549,0.00000004,2
0.3,0.113,0.187,0.624,0.00000088,2
0.078,0.034,0.044,0.562,0.00000013,2
0.072,0.035,0.037,0.515,0.00000006,2
0.026,0.013,0.013,0.508,0.00000002,2
0.697,0.325,0.372,0.534,0.00000081,2
0.08,0.038,0.041,0.519,0.00000007,2
0.016,0.008,0.008,0.517,0.00000001,2
0.014,0.006,0.008,0.579,0.00000003,2
0.067,0.031,0.036,0.541,0.00000009,2
0.073,0.032,0.041,0.565,0.00000013,2
5.488,1.986,3.502,0.638,0.00001765,1
551.76,163.638,388.122,0.703,0.00249148,1
0.083,0.038,0.045,0.538,0.0000001,2
0.028,0.013,0.015,0.55,0.00000004,2
0.065,0.031,0.034,0.517,0.00000005,2
4.256,1.725,2.531,0.595,0.00001005,1
0.035,0.015,0.02,0.558,0.00000006,2
0.017,0.008,0.009,0.555,0.00000003,2
1.206,0.552,0.654,0.543,0.0000016,1
5.599,2.056,3.543,0.633,0.00001743,1
355.74,105.503,250.237,0.703,0.00160538,1
0.016,0.007,0.009,0.546,0.00000002,2
0.096,0.044,0.052,0.541,0.00000013,2
0.07,0.034,0.036,0.512,0.00000005,2
0.01,0.004,0.006,0.594,0.00000002,2
0.028,0.013,0.015,0.55,0.00000004,2
7.688,4.105,3.583,0.466,-0.00000139,4
0.016,0.007,0.009,0.546,0.00000002,2
0.02,0.008,0.012,0.583,0.00000004,2
0.02,0.009,0.011,0.541,0.00000003,2
0.072,0.035,0.037,0.515,0.00000006,2
0.07,0.029,0.041,0.585,0.00000015,2
0.02,0.01,0.01,0.523,0.00000002,2
0.646,0.301,0.345,0.534,0.00000075,2
2.954,1.169,1.785,0.604,0.00000754,1
0.072,0.035,0.037,0.515,0.00000006,2
0.017,0.008,0.009,0.519,0.00000001,2
0.031,0.015,0.016,0.518,0.00000003,2
0.04,0.018,0.022,0.551,0.00000006,2
0.011,0.005,0.006,0.568,0.00000002,2
0.971,0.467,0.504,0.519,0.00000085,2
0.022,0.009,0.013,0.571,0.00000004,2
0.5,0.269,0.231,0.463,-0.00000012,3
0.67,0.307,0.363,0.543,0.00000089,2
2.36,1.193,1.167,0.495,0.00000091,2
0.484,0.183,0.301,0.623,0.00000141,1
3.672,1.675,1.997,0.544,0.00000498,1
0.073,0.032,0.041,0.565,0.00000013,2
3.048,1.273,1.775,0.582,0.00000645,1
0.015,0.007,0.008,0.534,0.00000002,2
0.016,0.008,0.008,0.516,0.00000001,2
0.082,0.04,0.042,0.514,0.00000006,2
0.03,0.013,0.017,0.552,0.00000005,2
0.071,0.033,0.038,0.538,0.00000009,2
0.08,0.039,0.041,0.515,0.00000006,2
1.625,0.661,0.964,0.593,0.00000378,1
0.146,0.07,0.076,0.523,0.00000014,2
0.086,0.036,0.05,0.579,0.00000018,2
0.017,0.008,0.009,0.555,0.00000003,2
0.096,0.044,0.052,0.541,0.00000013,2
224.64,200.369,24.271,0.108,-0.00163284,4
0.047,0.022,0.025,0.522,0.00000004,2
1.932,0.905,1.027,0.531,0.00000215,1
1.561,0.58,0.981,0.628,0.00000472,1
0.071,0.03,0.041,0.573,0.00000014,2
0.072,0.029,0.043,0.592,0.00000017,2
0.07,0.034,0.036,0.512,0.00000005,2
0.02,0.008,0.012,0.586,0.00000004,2
0.041,0.017,0.024,0.587,0.00000009,2
0.292,0.139,0.153,0.523,0.00000027,2
0.03,0.013,0.017,0.569,0.00000006,2
3.284,1.759,1.525,0.464,-0.00000071,3
0.025,0.012,0.013,0.508,0.00000002,2
2.504,1.259,1.245,0.497,0.00000108,1
0.02,0.008,0.012,0.583,0.00000004,2
7.056,2.554,4.502,0.638,0.0000227,1
7.07,2.999,4.071,0.576,0.00001405,1
3.76,1.444,2.316,0.616,0.00001045,1
0.031,0.014,0.017,0.549,0.00000005,2
3.192,1.294,1.898,0.595,0.00000753,1
0.969,0.452,0.517,0.534,0.00000112,1
0.054,0.023,0.031,0.581,0.00000011,2
0.06,0.025,0.035,0.577,0.00000012,2
51.94,28.025,23.915,0.46,-0.00001519,4
4.879,2.273,2.606,0.534,0.00000568,1
0.924,0.333,0.591,0.639,0.000003,1
0.012,0.006,0.006,0.507,0.00000001,2
1.06,0.555,0.505,0.476,0.00000002,2
3.668,1.322,2.346,0.64,0.0000119,1
0.04,0.017,0.023,0.568,0.00000007,2
8.055,3.313,4.742,0.589,0.00001806,1
1.878,0.879,0.999,0.532,0.0000021,1
0.447,0.182,0.265,0.592,0.00000103,1
0.027,0.011,0.016,0.585,0.00000006,2
0.242,0.11,0.132,0.546,0.00000034,2
7.04,3.758,3.282,0.466,-0.00000125,4
0.07,0.034,0.036,0.512,0.00000005,2
0.015,0.007,0.008,0.544,0.00000002,2
0.1,0.047,0.053,0.528,0.0000001,2
1.809,0.768,1.041,0.575,0.00000358,1
0.06,0.025,0.035,0.577,0.00000012,2
5.796,2.715,3.081,0.531,0.00000644,1
0.067,0.031,0.036,0.541,0.00000009,2
0.091,0.042,0.049,0.544,0.00000012,2
0.083,0.037,0.046,0.555,0.00000013,2
0.077,0.037,0.04,0.525,0.00000008,2
0.021,0.009,0.012,0.58,0.00000004,2
0.065,0.028,0.037,0.57,0.00000012,2
0.55,0.248,0.302,0.549,0.0000008,2
0.041,0.018,0.023,0.559,0.00000007,2
0.45,0.169,0.281,0.624,0.00000132,1
1.022,0.488,0.534,0.523,0.00000095,2
0.816,0.401,0.415,0.508,0.00000053,2
0.063,0.03,0.033,0.53,0.00000007,2
2.1,0.771,1.329,0.633,0.00000654,1
0.026,0.013,0.013,0.508,0.00000002,2
0.584,0.279,0.305,0.523,0.00000055,2
0.02,0.008,0.012,0.583,0.00000004,2
0.447,0.182,0.265,0.592,0.00000103,1
0.082,0.04,0.042,0.514,0.00000006,2
0.014,0.006,0.008,0.592,0.00000003,2
0.482,0.176,0.306,0.634,0.00000151,1
0.06,0.027,0.033,0.551,0.00000009,2
0.086,0.04,0.046,0.536,0.0000001,2
0.88,0.47,0.41,0.466,-0.00000016,3
0.085,0.04,0.045,0.533,0.0000001,2
0.035,0.015,0.02,0.581,0.00000007,2
0.05,0.023,0.027,0.54,0.00000006,2
2.352,0.851,1.501,0.638,0.00000757,1
0.2,0.107,0.093,0.463,-0.00000005,3
0.02,0.008,0.012,0.583,0.00000004,2
0.012,0.006,0.006,0.508,0.00000001,2
0.013,0.005,0.008,0.594,0.00000003,2
0.03,0.013,0.017,0.552,0.00000005,2
5.747,3.079,2.668,0.464,-0.00000124,4
0.073,0.032,0.041,0.565,0.00000013,2
0.015,0.007,0.008,0.544,0.00000002,2
0.05,0.023,0.027,0.54,0.00000006,2
0.048,0.022,0.026,0.539,0.00000006,2
0.04,0.017,0.023,0.568,0.00000007,2
0.726,0.329,0.397,0.546,0.00000102,1
6.608,3.078,3.53,0.534,0.00000771,1
0.06,0.027,0.033,0.551,0.00000009,2
0.133,0.066,0.067,0.502,0.00000007,2
0.094,0.044,0.05,0.529,0.0000001,2
3.87,1.868,2.002,0.517,0.00000322,1
0.03,0.013,0.017,0.576,0.00000006,2
0.027,0.011,0.016,0.585,0.00000006,2
7.056,2.554,4.502,0.638,0.0000227,1
0.04,0.017,0.023,0.568,0.00000007,2
0.071,0.03,0.041,0.573,0.00000014,2
0.092,0.038,0.054,0.584,0.0000002,2
0.031,0.015,0.016,0.518,0.00000003,2
0.242,0.091,0.151,0.623,0.0000007,2
0.076,0.033,0.043,0.563,0.00000013,2
5.544,2.821,2.723,0.491,0.00000174,1
0.085,0.04,0.045,0.533,0.0000001,2
0.092,0.038,0.054,0.584,0.0000002,2
0.094,0.04,0.054,0.577,0.00000019,2
0.063,0.03,0.033,0.53,0.00000007,2
0.093,0.038,0.055,0.592,0.00000021,2
2.41,1.251,1.159,0.481,0.00000028,2
0.53,0.214,0.316,0.597,0.00000127,1
4.023,1.641,2.382,0.592,0.00000929,1
0.012,0.006,0.006,0.508,0.00000001,2
0.57,0.243,0.327,0.574,0.00000111,1
0.077,0.035,0.042,0.541,0.0000001,2
0.063,0.03,0.033,0.53,0.00000007,2
2.952,1.416,1.536,0.52,0.00000263,1
0.07,0.034,0.036,0.512,0.00000005,2
7.128,3.628,3.5,0.491,0.00000223,1
0.048,0.022,0.026,0.539,0.00000006,2
0.041,0.017,0.024,0.587,0.00000009,2
0.092,0.045,0.047,0.505,0.00000005,2
0.028,0.013,0.015,0.55,0.00000004,2
3.23,1.506,1.724,0.534,0.00000374,1
0.014,0.006,0.008,0.579,0.00000003,2
0.072,0.035,0.037,0.515,0.00000006,2
0.01,0.004,0.006,0.594,0.00000002,2
4.992,2.158,2.834,0.568,0.00000912,1
0.02,0.009,0.011,0.553,0.00000003,2
0.363,0.137,0.226,0.623,0.00000106,1
0.07,0.034,0.036,0.512,0.00000005,2
0.076,0.034,0.042,0.551,0.00000011,2
0.093,0.043,0.05,0.539,0.00000012,2
0.016,0.007,0.009,0.544,0.00000002,2
0.015,0.007,0.008,0.534,0.00000002,2
0.063,0.03,0.033,0.53,0.00000007,2
0.082,0.04,0.042,0.514,0.00000006,2
0.073,0.033,0.04,0.55,0.00000011,2
0.016,0.008,0.008,0.517,0.00000001,2
3.15,1.683,1.467,0.466,-0.00000058,3
0.092,0.038,0.054,0.584,0.0000002,2
0.021,0.009,0.012,0.58,0.00000004,2
0.072,0.029,0.043,0.592,0.00000017,2
3.844,2.052,1.792,0.466,-0.0000007,3
0.016,0.008,0.008,0.516,0.00000001,2
0.03,0.013,0.017,0.569,0.00000006,2
0.016,0.007,0.009,0.546,0.00000002,2
0.086,0.036,0.05,0.579,0.00000018,2
3.25,1.322,1.928,0.593,0.00000757,1
0.584,0.279,0.305,0.523,0.00000055,2
1.272,0.666,0.606,0.476,0.00000002,2
0.082,0.037,0.045,0.55,0.00000012,2
4.752,2.418,2.334,0.491,0.00000149,1
0.094,0.044,0.05,0.529,0.0000001,2
0.092,0.038,0.054,0.584,0.0000002,2
140.12,89.093,51.027,0.364,-0.00030771,4
0.037,0.017,0.02,0.553,0.00000006,2
0.092,0.039,0.053,0.574,0.00000018,2
0.083,0.038,0.045,0.538,0.0000001,2
3.675,1.963,1.712,0.466,-0.00000068,3
1.76,0.939,0.821,0.466,-0.00000031,3
0.077,0.035,0.042,0.541,0.0000001,2
0.086,0.04,0.046,0.536,0.0000001,2
0.015,0.007,0.008,0.528,0.00000002,2
0.078,0.034,0.044,0.562,0.00000013,2
0.017,0.008,0.009,0.531,0.00000002,2
0.094,0.043,0.051,0.54,0.00000012,2
0.031,0.014,0.017,0.549,0.00000005,2
0.011,0.005,0.006,0.569,0.00000002,2
0.05,0.023,0.027,0.54,0.00000006,2
0.052,0.021,0.031,0.587,0.00000012,2
0.077,0.035,0.042,0.541,0.0000001,2
0.012,0.006,0.006,0.507,0.00000001,2
0.04,0.019,0.021,0.523,0.00000004,2
0.053,0.024,0.029,0.549,0.00000008,2
0.065,0.031,0.034,0.517,0.00000005,2
2.12,1.111,1.009,0.476,0.00000004,2
0.074,0.036,0.038,0.515,0.00000006,2
0.626,0.293,0.333,0.532,0.0000007,2
7.389,3.958,3.431,0.464,-0.0000016,4
0.072,0.029,0.043,0.592,0.00000017,2
7.389,3.958,3.431,0.464,-0.0000016,4
0.017,0.008,0.009,0.548,0.00000002,2
0.074,0.032,0.042,0.572,0.00000014,2
6.237,2.823,3.414,0.547,0.00000888,1
0.095,0.047,0.048,0.509,0.00000006,2
1.024,0.535,0.489,0.477,0.00000005,2
2.954,1.169,1.785,0.604,0.00000754,1
3.76,1.444,2.316,0.616,0.00001045,1
2.664,1.2,1.464,0.55,0.00000391,1
0.05,0.02,0.03,0.59,0.00000011,2
0.025,0.012,0.013,0.508,0.00000002,2
0.076,0.033,0.043,0.563,0.00000013,2
3.44,1.66,1.78,0.517,0.00000286,1
1.33,0.656,0.674,0.507,0.00000083,2
0.06,0.025,0.035,0.577,0.00000012,2
3.942,2.019,1.923,0.488,0.00000099,2
0.061,0.03,0.031,0.508,0.00000004,2
2.191,1.102,1.089,0.497,0.00000094,2
2.624,1.259,1.365,0.52,0.00000234,1
2.66,1.078,1.582,0.595,0.00000628,1
0.083,0.038,0.045,0.538,0.0000001,2
0.03,0.013,0.017,0.552,0.00000005,2
0.041,0.017,0.024,0.587,0.00000009,2
7.488,3.237,4.251,0.568,0.00001368,1
0.013,0.005,0.008,0.594,0.00000003,2
0.043,0.019,0.024,0.547,0.00000006,2
0.011,0.005,0.006,0.569,0.00000002,2
1.064,0.525,0.539,0.507,0.00000066,2
0.082,0.04,0.042,0.511,0.00000006,2
4.805,2.566,2.239,0.466,-0.00000087,3
0.091,0.042,0.049,0.544,0.00000012,2
0.085,0.04,0.045,0.533,0.0000001,2
0.06,0.025,0.035,0.577,0.00000012,2
0.093,0.043,0.05,0.539,0.00000012,2
0.031,0.014,0.017,0.549,0.00000005,2
0.072,0.029,0.043,0.592,0.00000017,2
0.012,0.006,0.006,0.507,0.00000001,2
2.868,1.23,1.638,0.571,0.00000543,1
0.847,0.32,0.527,0.623,0.00000247,1
0.086,0.04,0.046,0.536,0.0000001,2
0.03,0.013,0.016,0.552,0.00000005,2
0.035,0.015,0.02,0.558,0.00000006,2
0.011,0.005,0.006,0.521,0.00000001,2
0.066,0.029,0.037,0.568,0.00000012,2
3.884,1.867,2.017,0.519,0.00000339,1
3.58,1.472,2.108,0.589,0.00000803,1
0.02,0.009,0.011,0.553,0.00000003,2
2.31,0.833,1.477,0.639,0.00000749,1
0.03,0.013,0.017,0.569,0.00000006,2
4.158,1.499,2.659,0.639,0.00001349,1
0.082,0.04,0.042,0.514,0.00000006,2
0.04,0.019,0.021,0.523,0.00000004,2
2.448,1.116,1.332,0.544,0.00000332,1
0.011,0.005,0.006,0.569,0.00000002,2
1.048,0.378,0.67,0.64,0.0000034,1
4.752,2.418,2.334,0.491,0.00000149,1
2.584,1.204,1.38,0.534,0.00000299,1
0.03,0.013,0.016,0.552,0.00000005,2
2.36,1.193,1.167,0.495,0.00000091,2
0.021,0.009,0.012,0.58,0.00000004,2
0.02,0.01,0.01,0.523,0.00000002,2
0.05,0.023,0.027,0.54,0.00000006,2
1.022,0.488,0.534,0.523,0.00000095,2
0.016,0.007,0.009,0.535,0.00000002,2
0.11,0.05,0.06,0.549,0.00000016,2
0.021,0.01,0.011,0.51,0.00000001,2
0.05,0.021,0.029,0.576,0.0000001,2
0.082,0.04,0.042,0.511,0.00000006,2
2.478,1.154,1.324,0.534,0.00000289,1
0.014,0.006,0.008,0.579,0.00000003,2
0.031,0.014,0.017,0.549,0.00000005,2
4.13,1.923,2.207,0.534,0.00000482,1
0.042,0.019,0.023,0.554,0.00000007,2
0.021,0.01,0.011,0.51,0.00000001,2
0.027,0.011,0.016,0.585,0.00000006,2
0.01,0.004,0.006,0.594,0.00000002,2
0.06,0.027,0.033,0.551,0.00000009,2
0.076,0.033,0.043,0.563,0.00000013,2
0.02,0.008,0.012,0.583,0.00000004,2
0.07,0.034,0.036,0.512,0.00000005,2
0.072,0.035,0.037,0.515,0.00000006,2
0.011,0.005,0.006,0.568,0.00000002,2
1.416,0.716,0.7,0.495,0.00000054,2
0.07,0.029,0.041,0.585,0.00000015,2
0.054,0.023,0.031,0.568,0.0000001,2
0.524,0.189,0.335,0.64,0.0000017,1
0.082,0.038,0.044,0.53,0.00000009,2
0.065,0.028,0.037,0.57,0.00000012,2
0.078,0.034,0.044,0.562,0.00000013,2
0.083,0.038,0.045,0.538,0.0000001,2
1.784,0.663,1.121,0.628,0.00000539,1
0.028,0.013,0.015,0.55,0.00000004,2
0.012,0.006,0.006,0.51,0.00000001,2
1.596,0.647,0.949,0.595,0.00000377,1
3.376,1.335,2.041,0.604,0.00000862,1
802.4,436.7,365.7,0.456,-0.00031008,4
1.115,0.415,0.7,0.628,0.00000337,1
0.025,0.011,0.014,0.549,0.00000004,2
0.4,0.215,0.185,0.463,-0.0000001,3
2.65,1.069,1.581,0.597,0.00000635,1
1.128,0.433,0.695,0.616,0.00000313,1
0.094,0.044,0.05,0.529,0.0000001,2
0.093,0.043,0.05,0.539,0.00000012,2
0.043,0.019,0.024,0.547,0.00000006,2
0.016,0.008,0.008,0.517,0.00000001,2
0.072,0.035,0.037,0.515,0.00000006,2
0.065,0.028,0.037,0.57,0.00000012,2
0.012,0.005,0.007,0.587,0.00000003,2
1.524,0.637,0.887,0.582,0.00000322,1
0.011,0.004,0.007,0.594,0.00000003,2
0.08,0.038,0.041,0.519,0.00000007,2
4.285,2.09,2.195,0.512,0.00000312,1
0.016,0.008,0.008,0.516,0.00000001,2
859.04,467.526,391.514,0.456,-0.00033208,4
500.94,148.566,352.374,0.703,0.00226165,1
5.424,2.014,3.41,0.629,0.00001644,1
0.048,0.022,0.026,0.539,0.00000006,2
0.094,0.044,0.05,0.529,0.0000001,2
0.012,0.006,0.006,0.51,0.00000001,2
0.08,0.037,0.043,0.541,0.0000001,2
0.017,0.008,0.009,0.531,0.00000002,2
0.094,0.044,0.05,0.529,0.0000001,2
3.856,2.001,1.855,0.481,0.00000044,2
0.08,0.039,0.041,0.515,0.00000006,2
0.048,0.022,0.026,0.539,0.00000006,2
0.017,0.008,0.009,0.555,0.00000003,2
0.644,0.302,0.342,0.531,0.00000072,2
0.035,0.015,0.02,0.581,0.00000007,2
859.04,467.526,391.514,0.456,-0.00033208,4
0.015,0.007,0.008,0.544,0.00000002,2
0.082,0.038,0.044,0.53,0.00000009,2
0.066,0.029,0.037,0.568,0.00000012,2
0.035,0.015,0.02,0.581,0.00000007,2
1.928,1.001,0.927,0.481,0.00000022,2
6.909,3.287,3.622,0.524,0.00000669,1
7.938,3.321,4.617,0.582,0.00001668,1
0.478,0.205,0.273,0.571,0.00000091,2
0.024,0.011,0.013,0.548,0.00000003,2
0.031,0.013,0.018,0.592,0.00000007,2
0.3,0.161,0.139,0.463,-0.00000007,3
0.07,0.029,0.041,0.585,0.00000015,2
6.16,3.288,2.872,0.466,-0.0000011,4
0.05,0.021,0.029,0.576,0.0000001,2
0.037,0.017,0.02,0.553,0.00000006,2
0.092,0.045,0.047,0.505,0.00000005,2
4.704,1.703,3.001,0.638,0.00001513,1
0.07,0.029,0.041,0.585,0.00000015,2
0.022,0.01,0.012,0.562,0.00000004,2
0.017,0.008,0.009,0.555,0.00000003,2
0.922,0.48,0.442,0.479,0.00000007,2
0.086,0.036,0.05,0.579,0.00000018,2
1.664,0.719,0.945,0.568,0.00000304,1
0.9,0.4,0.5,0.556,0.00000144,1
0.011,0.005,0.006,0.569,0.00000002,2
0.048,0.022,0.026,0.539,0.00000006,2
0.021,0.01,0.011,0.543,0.00000003,2
0.017,0.008,0.009,0.556,0.00000003,2
0.096,0.044,0.052,0.541,0.00000013,2
0.665,0.328,0.337,0.507,0.00000042,2
0.02,0.008,0.012,0.583,0.00000004,2
3.605,1.867,1.738,0.482,0.00000048,2
0.016,0.008,0.008,0.516,0.00000001,2
0.728,0.294,0.434,0.596,0.00000174,1
0.092,0.045,0.047,0.505,0.00000005,2
0.017,0.008,0.009,0.519,0.00000001,2
0.071,0.03,0.041,0.573,0.00000014,2
0.02,0.009,0.011,0.553,0.00000003,2
104.94,56.622,48.318,0.46,-0.00003069,4
0.07,0.029,0.041,0.585,0.00000015,2
4.4,2.349,2.051,0.466,-0.00000078,3
3.06,1.396,1.664,0.544,0.00000415,1
0.876,0.418,0.458,0.523,0.00000082,2
1.71,0.729,0.981,0.574,0.00000333,1
2.23,0.829,1.401,0.628,0.00000674,1
0.01,0.004,0.006,0.594,0.00000002,2
1.049,0.395,0.655,0.624,0.00000308,1
0.073,0.033,0.04,0.551,0.00000011,2
0.016,0.008,0.008,0.516,0.00000001,2
0.821,0.44,0.381,0.464,-0.00000018,3
0.02,0.008,0.012,0.586,0.00000004,2
0.011,0.004,0.007,0.594,0.00000003,2
0.043,0.019,0.024,0.547,0.00000006,2
0.073,0.032,0.041,0.565,0.00000013,2
0.082,0.04,0.042,0.514,0.00000006,2
0.2,0.107,0.093,0.463,-0.00000005,3
0.02,0.009,0.011,0.553,0.00000003,2
0.073,0.032,0.041,0.565,0.00000013,2
0.014,0.006,0.008,0.579,0.00000003,2
8.883,4.226,4.657,0.524,0.0000086,1
0.031,0.015,0.016,0.518,0.00000003,2
0.014,0.006,0.008,0.579,0.00000003,2
0.02,0.01,0.01,0.523,0.00000002,2
0.068,0.03,0.038,0.553,0.0000001,2
0.074,0.032,0.042,0.572,0.00000014,2
0.077,0.035,0.042,0.541,0.0000001,2
1.764,0.738,1.026,0.582,0.00000371,1
0.016,0.007,0.009,0.544,0.00000002,2
6.299,2.313,3.986,0.633,0.00001961,1
0.047,0.022,0.025,0.522,0.00000004,2
0.031,0.014,0.017,0.549,0.00000005,2
0.083,0.037,0.046,0.555,0.00000013,2
0.017,0.008,0.009,0.555,0.00000003,2
0.082,0.038,0.044,0.53,0.00000009,2
0.077,0.037,0.04,0.525,0.00000008,2
0.092,0.045,0.047,0.505,0.00000005,2
0.021,0.009,0.012,0.58,0.00000004,2
0.054,0.023,0.031,0.568,0.0000001,2
0.021,0.01,0.011,0.543,0.00000003,2
0.06,0.025,0.035,0.577,0.00000012,2
0.424,0.222,0.202,0.476,0.00000001,2
134.97,4.916,130.054,0.964,0.00130212,1
0.06,0.025,0.035,0.577,0.00000012,2
0.01,0.004,0.006,0.594,0.00000002,2
0.078,0.034,0.044,0.562,0.00000013,2
0.584,0.279,0.305,0.523,0.00000055,2
0.636,0.333,0.303,0.476,0.00000001,2
0.027,0.011,0.016,0.585,0.00000006,2
7.713,3.763,3.95,0.512,0.00000563,1
0.015,0.007,0.008,0.528,0.00000002,2
0.085,0.04,0.045,0.533,0.0000001,2
0.017,0.008,0.009,0.548,0.00000002,2
0.066,0.029,0.037,0.568,0.00000012,2
230.52,146.572,83.948,0.364,-0.00050653,4
5.782,2.693,3.089,0.534,0.00000674,1
0.016,0.008,0.008,0.517,0.00000001,2
0.041,0.018,0.023,0.559,0.00000007,2
0.026,0.013,0.013,0.508,0.00000002,2
0.9,0.4,0.5,0.556,0.00000144,1
0.023,0.01,0.013,0.578,0.00000005,2
0.04,0.019,0.021,0.523,0.00000004,2
0.037,0.017,0.02,0.553,0.00000006,2
1.197,0.59,0.607,0.507,0.00000075,2
330.4,179.818,150.582,0.456,-0.00012734,4
0.08,0.037,0.043,0.541,0.0000001,2
0.43,0.208,0.222,0.517,0.00000036,2
0.083,0.038,0.045,0.538,0.0000001,2
0.041,0.018,0.023,0.559,0.00000007,2
5.28,2.818,2.462,0.466,-0.00000094,3
0.939,0.472,0.467,0.497,0.0000004,2
0.068,0.03,0.038,0.553,0.0000001,2
0.076,0.033,0.043,0.563,0.00000013,2
0.012,0.006,0.006,0.507,0.00000001,2
0.016,0.007,0.009,0.546,0.00000002,2
0.071,0.03,0.041,0.573,0.00000014,2
0.937,0.436,0.501,0.535,0.00000111,1
0.076,0.034,0.042,0.551,0.00000011,2
0.092,0.045,0.047,0.505,0.00000005,2
0.02,0.008,0.012,0.586,0.00000004,2
0.013,0.006,0.007,0.561,0.00000002,2
0.012,0.005,0.007,0.581,0.00000003,2
0.04,0.017,0.023,0.568,0.00000007,2
0.035,0.015,0.02,0.581,0.00000007,2
0.011,0.005,0.006,0.569,0.00000002,2
0.016,0.007,0.009,0.544,0.00000002,2
0.028,0.013,0.015,0.55,0.00000004,2
0.053,0.024,0.029,0.549,0.00000008,2
0.08,0.038,0.041,0.519,0.00000007,2
0.028,0.013,0.015,0.55,0.00000004,2
0.011,0.005,0.006,0.568,0.00000002,2
0.017,0.008,0.009,0.548,0.00000002,2
0.325,0.132,0.193,0.593,0.00000076,2
0.035,0.015,0.02,0.558,0.00000006,2
0.063,0.03,0.033,0.53,0.00000007,2
0.014,0.006,0.008,0.592,0.00000003,2
0.095,0.047,0.048,0.509,0.00000006,2
0.659,0.297,0.362,0.549,0.00000096,2
0.077,0.037,0.04,0.525,0.00000008,2
0.015,0.007,0.008,0.528,0.00000002,2
0.021,0.01,0.011,0.543,0.00000003,2
0.017,0.008,0.009,0.555,0.00000003,2
207.92,132.202,75.718,0.364,-0.0004568,4
0.052,0.021,0.031,0.587,0.00000012,2
0.924,0.376,0.548,0.593,0.00000216,1
3.696,1.503,2.193,0.593,0.00000863,1
0.076,0.033,0.043,0.563,0.00000013,2
8.055,3.313,4.742,0.589,0.00001806,1
0.999,0.45,0.549,0.55,0.00000147,1
0.83,0.431,0.399,0.481,0.0000001,2
0.076,0.034,0.042,0.557,0.00000012,2
0.012,0.006,0.006,0.51,0.00000001,2
0.096,0.044,0.052,0.541,0.00000013,2
0.014,0.006,0.008,0.579,0.00000003,2
1.888,0.954,0.934,0.495,0.00000073,2
0.03,0.013,0.017,0.576,0.00000006,2
0.013,0.005,0.008,0.594,0.00000003,2
0.02,0.01,0.01,0.523,0.00000002,2
3.616,1.909,1.707,0.472,-0.00000023,3
3.346,1.435,1.911,0.571,0.00000634,1
0.092,0.038,0.054,0.584,0.0000002,2
0.082,0.04,0.042,0.514,0.00000006,2
0.07,0.032,0.037,0.536,0.00000008,2
0.265,0.107,0.158,0.597,0.00000064,2
0.964,0.5,0.464,0.481,0.00000011,2
2.235,0.912,1.323,0.592,0.00000516,1
4.746,1.762,2.984,0.629,0.00001439,1
0.082,0.04,0.042,0.514,0.00000006,2
0.07,0.034,0.036,0.512,0.00000005,2
2.565,1.093,1.472,0.574,0.000005,1
0.021,0.009,0.012,0.58,0.00000004,2
0.07,0.034,0.036,0.512,0.00000005,2
7.16,2.945,4.215,0.589,0.00001605,1
0.083,0.037,0.046,0.555,0.00000013,2
0.05,0.023,0.027,0.54,0.00000006,2
0.02,0.009,0.011,0.553,0.00000003,2
0.086,0.04,0.046,0.536,0.0000001,2
1.292,0.602,0.69,0.534,0.0000015,1
0.03,0.013,0.017,0.576,0.00000006,2
0.083,0.038,0.045,0.538,0.0000001,2
3.39,1.259,2.131,0.629,0.00001028,1
0.031,0.013,0.018,0.592,0.00000007,2
4.572,1.91,2.662,0.582,0.00000967,1
2.646,1.107,1.539,0.582,0.00000556,1
0.037,0.017,0.02,0.553,0.00000006,2
1.888,0.954,0.934,0.495,0.00000073,2
0.02,0.008,0.012,0.583,0.00000004,2
2.904,1.288,1.616,0.556,0.00000466,1
1.425,0.607,0.818,0.574,0.00000278,1
0.086,0.04,0.046,0.536,0.0000001,2
0.082,0.037,0.045,0.55,0.00000012,2
1.272,0.666,0.606,0.476,0.00000002,2
0.08,0.039,0.041,0.515,0.00000006,2
1.938,0.903,1.035,0.534,0.00000225,1
0.073,0.032,0.041,0.565,0.00000013,2
0.082,0.04,0.042,0.514,0.00000006,2
0.085,0.04,0.045,0.533,0.0000001,2
0.071,0.03,0.041,0.573,0.00000014,2
0.024,0.011,0.013,0.548,0.00000003,2
0.02,0.01,0.01,0.523,0.00000002,2
0.05,0.02,0.03,0.59,0.00000011,2
0.07,0.032,0.037,0.536,0.00000008,2
0.04,0.02,0.02,0.508,0.00000003,2
4.685,2.179,2.506,0.535,0.00000553,1
0.022,0.01,0.012,0.562,0.00000004,2
0.04,0.019,0.021,0.523,0.00000004,2
0.078,0.034,0.044,0.562,0.00000013,2
0.054,0.023,0.031,0.581,0.00000011,2
0.08,0.039,0.041,0.515,0.00000006,2
0.016,0.008,0.008,0.517,0.00000001,2
0.027,0.011,0.016,0.585,0.00000006,2
0.043,0.019,0.024,0.547,0.00000006,2
0.03,0.013,0.016,0.552,0.00000005,2
2.66,1.078,1.582,0.595,0.00000628,1
2.048,1.07,0.978,0.477,0.00000009,2
1.338,0.497,0.841,0.628,0.00000404,1
0.2,0.107,0.093,0.463,-0.00000005,3
0.266,0.132,0.134,0.502,0.00000014,2
0.08,0.038,0.041,0.519,0.00000007,2
0.015,0.007,0.008,0.528,0.00000002,2
0.04,0.02,0.02,0.508,0.00000003,2
0.074,0.032,0.042,0.572,0.00000014,2
0.012,0.006,0.006,0.508,0.00000001,2
0.017,0.008,0.009,0.556,0.00000003,2
0.073,0.033,0.04,0.551,0.00000011,2
2.925,1.19,1.735,0.593,0.00000681,1
0.011,0.005,0.006,0.569,0.00000002,2
388.72,247.16,141.56,0.364,-0.00085504,4
0.08,0.038,0.041,0.519,0.00000007,2
0.891,0.403,0.488,0.547,0.00000127,1
0.02,0.009,0.011,0.541,0.00000003,2
0.077,0.037,0.04,0.525,0.00000008,2
0.094,0.043,0.051,0.54,0.00000012,2
0.012,0.006,0.006,0.507,0.00000001,2
0.1,0.047,0.053,0.528,0.0000001,2
0.072,0.035,0.037,0.515,0.00000006,2
0.017,0.008,0.009,0.519,0.00000001,2
0.876,0.449,0.427,0.488,0.00000022,2
0.04,0.017,0.023,0.568,0.00000007,2
0.041,0.018,0.023,0.559,0.00000007,2
1.524,0.637,0.887,0.582,0.00000322,1
1.596,0.647,0.949,0.595,0.00000377,1
0.063,0.03,0.033,0.53,0.00000007,2
0.074,0.032,0.042,0.572,0.00000014,2
0.012,0.006,0.006,0.507,0.00000001,2
0.017,0.008,0.009,0.531,0.00000002,2
0.013,0.006,0.007,0.561,0.00000002,2
0.095,0.047,0.048,0.509,0.00000006,2
0.014,0.006,0.008,0.592,0.00000003,2
0.86,0.415,0.445,0.517,0.00000072,2
244.08,155.194,88.886,0.364,-0.00053637,4
3.428,1.672,1.756,0.512,0.0000025,1
0.071,0.03,0.041,0.573,0.00000014,2
0.07,0.032,0.037,0.536,0.00000008,2
0.086,0.036,0.05,0.579,0.00000018,2
0.04,0.019,0.021,0.523,0.00000004,2
0.876,0.449,0.427,0.488,0.00000022,2
0.076,0.034,0.042,0.551,0.00000011,2
0.08,0.037,0.043,0.541,0.0000001,2
0.014,0.006,0.008,0.579,0.00000003,2
0.532,0.265,0.267,0.502,0.00000028,2
0.074,0.034,0.04,0.547,0.00000011,2
0.57,0.243,0.327,0.574,0.00000111,1
0.021,0.009,0.012,0.58,0.00000004,2
1.356,0.504,0.852,0.629,0.00000411,1
6.299,2.313,3.986,0.633,0.00001961,1
4.899,1.799,3.1,0.633,0.00001525,1
2.541,1.127,1.414,0.556,0.00000408,1
0.895,0.368,0.527,0.589,0.00000201,1
0.066,0.029,0.037,0.568,0.00000012,2
0.068,0.03,0.038,0.553,0.0000001,2
0.024,0.011,0.013,0.548,0.00000003,2
0.073,0.033,0.04,0.55,0.00000011,2
0.032,0.014,0.018,0.576,0.00000006,2
0.012,0.005,0.007,0.581,0.00000003,2
0.016,0.008,0.008,0.516,0.00000001,2
2.504,1.259,1.245,0.497,0.00000108,1
0.094,0.043,0.051,0.54,0.00000012,2
0.028,0.013,0.015,0.55,0.00000004,2
0.013,0.006,0.007,0.561,0.00000002,2
0.07,0.029,0.041,0.585,0.00000015,2
0.408,0.201,0.207,0.508,0.00000026,2
0.012,0.006,0.006,0.51,0.00000001,2
0.013,0.006,0.007,0.561,0.00000002,2
0.017,0.008,0.009,0.555,0.00000003,2
0.376,0.144,0.232,0.616,0.00000104,1
0.082,0.04,0.042,0.511,0.00000006,2
0.021,0.01,0.011,0.543,0.00000003,2
0.821,0.44,0.381,0.464,-0.00000018,3
3.144,1.133,2.011,0.64,0.0000102,1
0.484,0.183,0.301,0.623,0.00000141,1
0.2,0.107,0.093,0.463,-0.00000005,3
0.328,0.157,0.171,0.52,0.00000029,2
0.438,0.224,0.214,0.488,0.00000011,2
0.015,0.007,0.008,0.528,0.00000002,2
0.073,0.033,0.04,0.551,0.00000011,2
0.012,0.006,0.006,0.507,0.00000001,2
0.065,0.028,0.037,0.57,0.00000012,2
0.078,0.034,0.044,0.562,0.00000013,2
2.118,1.077,1.041,0.492,0.00000068,2
102.25,3.724,98.526,0.964,0.00098644,1
1.088,0.535,0.553,0.508,0.0000007,2
0.094,0.04,0.054,0.577,0.00000019,2
3.23,1.506,1.724,0.534,0.00000374,1
34.98,18.874,16.106,0.46,-0.00001023,4
0.073,0.033,0.04,0.55,0.00000011,2
0.047,0.022,0.025,0.522,0.00000004,2
76.84,48.857,27.983,0.364,-0.00016867,4
0.011,0.005,0.006,0.568,0.00000002,2
4.068,1.511,2.557,0.629,0.00001233,1
1.356,0.716,0.64,0.472,-0.00000009,3
0.082,0.04,0.042,0.514,0.00000006,2
0.017,0.008,0.009,0.556,0.00000003,2
4.475,1.841,2.634,0.589,0.00001003,1
2.096,0.756,1.34,0.64,0.0000068,1
0.01,0.004,0.006,0.594,0.00000002,2
0.065,0.028,0.037,0.57,0.00000012,2
0.082,0.038,0.044,0.53,0.00000009,2
0.02,0.008,0.012,0.586,0.00000004,2
0.07,0.034,0.036,0.512,0.00000005,2
0.532,0.265,0.267,0.502,0.00000028,2
0.06,0.025,0.035,0.577,0.00000012,2
0.092,0.038,0.054,0.584,0.0000002,2
0.025,0.012,0.013,0.508,0.00000002,2
0.092,0.045,0.047,0.505,0.00000005,2
0.073,0.033,0.04,0.551,0.00000011,2
86.4,77.065,9.335,0.108,-0.00062721,4
0.076,0.034,0.042,0.557,0.00000012,2
0.011,0.005,0.006,0.521,0.00000001,2
5.152,2.414,2.738,0.531,0.00000573,1
0.015,0.007,0.008,0.544,0.00000002,2
0.091,0.042,0.049,0.544,0.00000012,2
0.031,0.013,0.018,0.592,0.00000007,2
0.085,0.04,0.045,0.533,0.0000001,2
0.3,0.133,0.167,0.556,0.00000048,2
0.02,0.009,0.011,0.553,0.00000003,2
0.022,0.009,0.013,0.571,0.00000004,2
1.06,0.555,0.505,0.476,0.00000002,2
4.935,2.348,2.587,0.524,0.00000478,1
0.031,0.014,0.017,0.549,0.00000005,2
5.634,2.637,2.997,0.532,0.0000063,1
0.03,0.013,0.016,0.552,0.00000005,2
0.096,0.044,0.052,0.541,0.00000013,2
0.065,0.028,0.037,0.57,0.00000012,2
0.054,0.023,0.031,0.581,0.00000011,2
0.047,0.022,0.025,0.522,0.00000004,2
2.118,1.077,1.041,0.492,0.00000068,2
0.014,0.006,0.008,0.592,0.00000003,2
0.011,0.005,0.006,0.521,0.00000001,2
0.544,0.268,0.276,0.508,0.00000035,2
0.017,0.008,0.009,0.531,0.00000002,2
0.021,0.009,0.012,0.58,0.00000004,2
0.072,0.035,0.037,0.515,0.00000006,2
1.764,0.738,1.026,0.582,0.00000371,1
0.462,0.167,0.295,0.639,0.0000015,1
0.073,0.032,0.041,0.565,0.00000013,2
0.363,0.137,0.226,0.623,0.00000106,1
0.093,0.043,0.05,0.539,0.00000012,2
0.016,0.008,0.008,0.516,0.00000001,2
2.788,1.299,1.489,0.534,0.00000324,1
0.092,0.045,0.047,0.505,0.00000005,2
0.066,0.029,0.037,0.568,0.00000012,2
0.035,0.015,0.02,0.581,0.00000007,2
89.98,3.277,86.703,0.964,0.00086806,1
0.08,0.038,0.041,0.519,0.00000007,2
0.078,0.034,0.044,0.562,0.00000013,2
0.017,0.008,0.009,0.531,0.00000002,2
3.584,1.873,1.711,0.477,0.00000016,2
0.061,0.03,0.031,0.508,0.00000004,2
0.092,0.039,0.053,0.574,0.00000018,2
0.024,0.011,0.013,0.548,0.00000003,2
3.564,1.613,1.951,0.547,0.00000508,1
4.242,1.799,2.443,0.576,0.00000843,1
0.03,0.013,0.016,0.552,0.00000005,2
0.041,0.017,0.024,0.587,0.00000009,2
0.016,0.007,0.009,0.544,0.00000002,2
2.275,0.926,1.349,0.593,0.0000053,1
0.035,0.015,0.02,0.581,0.00000007,2
6.102,2.266,3.836,0.629,0.0000185,1
85.88,54.605,31.275,0.364,-0.00018853,4
0.037,0.017,0.02,0.553,0.00000006,2
0.035,0.015,0.02,0.581,0.00000007,2
0.3,0.161,0.139,0.463,-0.00000007,3
0.3,0.161,0.139,0.463,-0.00000007,3
0.037,0.017,0.02,0.553,0.00000006,2
0.08,0.037,0.043,0.541,0.0000001,2
0.011,0.005,0.006,0.569,0.00000002,2
0.093,0.043,0.05,0.539,0.00000012,2
1.332,0.6,0.732,0.55,0.00000195,1
0.939,0.472,0.467,0.497,0.0000004,2
0.02,0.008,0.012,0.583,0.00000004,2
0.1,0.047,0.053,0.528,0.0000001,2
0.086,0.038,0.048,0.558,0.00000014,2
0.094,0.04,0.054,0.577,0.00000019,2
2.832,1.431,1.401,0.495,0.00000109,1
4.788,1.941,2.847,0.595,0.0000113,1
0.017,0.008,0.009,0.519,0.00000001,2
0.012,0.006,0.006,0.51,0.00000001,2
2.62,0.944,1.676,0.64,0.0000085,1
0.061,0.03,0.031,0.508,0.00000004,2
0.88,0.47,0.41,0.466,-0.00000016,3
1.809,0.768,1.041,0.575,0.00000358,1
0.053,0.024,0.029,0.549,0.00000008,2
868.48,472.663,395.817,0.456,-0.00033575,4
0.02,0.008,0.012,0.586,0.00000004,2
0.452,0.239,0.213,0.472,-0.00000003,3
0.042,0.019,0.023,0.554,0.00000007,2
0.03,0.013,0.017,0.569,0.00000006,2
0.067,0.031,0.036,0.541,0.00000009,2
691.2,616.519,74.681,0.108,-0.00504593,4
0.05,0.02,0.03,0.59,0.00000011,2
0.06,0.027,0.033,0.551,0.00000009,2
0.067,0.031,0.036,0.541,0.00000009,2
0.071,0.033,0.038,0.538,0.00000009,2
0.05,0.023,0.027,0.54,0.00000006,2
0.036,0.015,0.021,0.591,0.00000008,2
0.05,0.023,0.027,0.54,0.00000006,2
1.338,0.497,0.841,0.628,0.00000404,1
0.02,0.008,0.012,0.583,0.00000004,2
0.082,0.038,0.044,0.53,0.00000009,2
0.03,0.013,0.017,0.576,0.00000006,2
2.913,1.4,1.513,0.519,0.00000254,1
0.016,0.008,0.008,0.517,0.00000001,2
4.192,1.511,2.681,0.64,0.00001361,1
0.937,0.436,0.501,0.535,0.00000111,1
343.56,12.514,331.046,0.964,0.00331475,1
7.056,2.554,4.502,0.638,0.0000227,1
1.128,0.433,0.695,0.616,0.00000313,1
0.077,0.037,0.04,0.525,0.00000008,2
0.074,0.034,0.04,0.547,0.00000011,2
348.04,221.295,126.745,0.364,-0.00076535,4
0.241,0.088,0.153,0.634,0.00000076,2
0.017,0.008,0.009,0.519,0.00000001,2
7.768,3.733,4.035,0.519,0.00000678,1
0.012,0.005,0.007,0.587,0.00000003,2
3.15,1.683,1.467,0.466,-0.00000058,3
1.72,0.83,0.89,0.517,0.00000143,1
0.074,0.034,0.04,0.547,0.00000011,2
0.012,0.005,0.007,0.581,0.00000003,2
0.603,0.256,0.347,0.575,0.00000119,1
0.223,0.083,0.14,0.628,0.00000067,2
1.848,0.751,1.097,0.593,0.00000431,1
0.512,0.268,0.244,0.477,0.00000002,2
0.074,0.032,0.042,0.572,0.00000014,2
0.036,0.015,0.021,0.591,0.00000008,2
2.12,0.855,1.265,0.597,0.00000508,1
0.052,0.021,0.031,0.587,0.00000012,2
0.041,0.018,0.023,0.559,0.00000007,2
0.06,0.027,0.033,0.551,0.00000009,2
2.571,1.254,1.317,0.512,0.00000187,1
0.931,0.464,0.467,0.502,0.00000049,2
4.256,1.725,2.531,0.595,0.00001005,1
0.077,0.035,0.042,0.541,0.0000001,2
0.016,0.008,0.008,0.516,0.00000001,2
0.025,0.011,0.014,0.549,0.00000004,2
0.06,0.027,0.033,0.551,0.00000009,2
0.074,0.032,0.042,0.572,0.00000014,2
0.095,0.047,0.048,0.509,0.00000006,2
0.073,0.033,0.04,0.55,0.00000011,2
0.1,0.047,0.053,0.528,0.0000001,2
0.021,0.01,0.011,0.543,0.00000003,2
0.04,0.017,0.023,0.568,0.00000007,2
0.015,0.007,0.008,0.534,0.00000002,2
0.092,0.039,0.053,0.574,0.00000018,2
3.556,1.485,2.071,0.582,0.00000752,1
0.961,0.513,0.448,0.466,-0.00000017,3
0.092,0.039,0.053,0.574,0.00000018,2
0.1,0.047,0.053,0.528,0.0000001,2
0.013,0.006,0.007,0.561,0.00000002,2
0.05,0.021,0.029,0.576,0.0000001,2
515.46,152.872,362.588,0.703,0.00232731,1
0.063,0.03,0.033,0.53,0.00000007,2
0.1,0.047,0.053,0.528,0.0000001,2
0.031,0.014,0.017,0.549,0.00000005,2
0.052,0.021,0.031,0.587,0.00000012,2
0.03,0.013,0.017,0.576,0.00000006,2
0.052,0.021,0.031,0.587,0.00000012,2
0.014,0.006,0.008,0.579,0.00000003,2
2.191,1.102,1.089,0.497,0.00000094,2
0.094,0.044,0.05,0.529,0.0000001,2
4.508,2.112,2.396,0.531,0.00000501,1
0.048,0.022,0.026,0.539,0.00000006,2
0.924,0.333,0.591,0.639,0.000003,1
0.022,0.01,0.012,0.562,0.00000004,2
0.478,0.205,0.273,0.571,0.00000091,2
0.012,0.006,0.006,0.507,0.00000001,2
0.017,0.008,0.009,0.531,0.00000002,2
3.618,1.537,2.081,0.575,0.00000715,1
0.065,0.031,0.034,0.517,0.00000005,2
0.133,0.066,0.067,0.507,0.00000008,2
0.066,0.029,0.037,0.568,0.00000012,2
0.076,0.034,0.042,0.557,0.00000012,2
0.02,0.009,0.011,0.553,0.00000003,2
0.031,0.015,0.016,0.518,0.00000003,2
0.074,0.036,0.038,0.515,0.00000006,2
0.073,0.033,0.04,0.551,0.00000011,2
0.08,0.039,0.041,0.515,0.00000006,2
4.41,1.845,2.565,0.582,0.00000927,1
0.024,0.011,0.013,0.548,0.00000003,2
0.031,0.014,0.017,0.549,0.00000005,2
0.021,0.009,0.012,0.58,0.00000004,2
0.037,0.017,0.02,0.553,0.00000006,2
0.04,0.018,0.022,0.551,0.00000006,2
0.074,0.032,0.042,0.572,0.00000014,2
0.025,0.011,0.014,0.549,0.00000004,2
0.068,0.03,0.038,0.553,0.0000001,2
0.068,0.03,0.038,0.553,0.0000001,2
2.772,0.999,1.773,0.639,0.00000899,1
0.074,0.034,0.04,0.547,0.00000011,2
0.02,0.009,0.011,0.553,0.00000003,2
0.074,0.032,0.042,0.572,0.00000014,2
0.037,0.017,0.02,0.553,0.00000006,2
0.054,0.023,0.031,0.568,0.0000001,2
0.048,0.022,0.026,0.539,0.00000006,2
0.73,0.349,0.381,0.523,0.00000068,2
0.146,0.07,0.076,0.523,0.00000014,2
0.922,0.48,0.442,0.479,0.00000007,2
0.08,0.038,0.041,0.519,0.00000007,2
4.62,1.878,2.742,0.593,0.00001079,1
0.021,0.01,0.011,0.543,0.00000003,2
53.17,1.937,51.233,0.964,0.00051294,1
0.077,0.037,0.04,0.525,0.00000008,2
0.065,0.028,0.037,0.57,0.00000012,2
2.41,0.882,1.528,0.634,0.00000755,1
0.066,0.029,0.037,0.568,0.00000012,2
0.012,0.005,0.007,0.581,0.00000003,2
0.065,0.031,0.034,0.517,0.00000005,2
0.077,0.037,0.04,0.525,0.00000008,2
0.016,0.008,0.008,0.516,0.00000001,2
0.05,0.023,0.027,0.54,0.00000006,2
0.08,0.039,0.041,0.515,0.00000006,2
0.077,0.037,0.04,0.525,0.00000008,2
0.023,0.01,0.013,0.578,0.00000005,2
3.92,1.419,2.501,0.638,0.00001261,1
0.855,0.364,0.491,0.574,0.00000167,1
7.21,3.735,3.475,0.482,0.00000096,2
3.668,1.322,2.346,0.64,0.0000119,1
0.9,0.4,0.5,0.556,0.00000144,1
1.442,0.747,0.695,0.482,0.00000019,2
0.093,0.043,0.05,0.539,0.00000012,2
1.788,0.729,1.059,0.592,0.00000413,1
0.085,0.04,0.045,0.533,0.0000001,2
0.041,0.017,0.024,0.587,0.00000009,2
0.093,0.043,0.05,0.539,0.00000012,2
0.094,0.044,0.05,0.529,0.0000001,2
0.021,0.01,0.011,0.51,0.00000001,2
0.015,0.007,0.008,0.544,0.00000002,2
0.085,0.04,0.045,0.533,0.0000001,2
2.576,1.207,1.369,0.531,0.00000286,1
0.043,0.019,0.024,0.547,0.00000006,2
4.52,2.386,2.134,0.472,-0.00000029,3
0.035,0.015,0.02,0.581,0.00000007,2
0.082,0.037,0.045,0.55,0.00000012,2
0.092,0.045,0.047,0.505,0.00000005,2
0.012,0.006,0.006,0.507,0.00000001,2
339,215.547,123.453,0.364,-0.00074543,4
0.02,0.008,0.012,0.586,0.00000004,2
0.024,0.011,0.013,0.548,0.00000003,2
0.013,0.006,0.007,0.561,0.00000002,2
0.026,0.013,0.013,0.508,0.00000002,2
0.5,0.222,0.278,0.556,0.0000008,2
0.04,0.017,0.023,0.568,0.00000007,2
5.766,3.079,2.687,0.466,-0.00000104,4
0.043,0.019,0.024,0.547,0.00000006,2
0.017,0.008,0.009,0.531,0.00000002,2
0.077,0.035,0.042,0.541,0.0000001,2
0.014,0.006,0.008,0.579,0.00000003,2
0.02,0.009,0.011,0.541,0.00000003,2
2.892,1.501,1.391,0.481,0.00000033,2
4.855,2.333,2.522,0.519,0.00000424,1
6.273,2.922,3.351,0.534,0.0000073,1
0.08,0.038,0.041,0.519,0.00000007,2
0.036,0.015,0.021,0.591,0.00000008,2
0.082,0.04,0.042,0.514,0.00000006,2
0.136,0.067,0.069,0.508,0.00000009,2
0.092,0.038,0.054,0.584,0.0000002,2
0.016,0.007,0.009,0.557,0.00000003,2
4.096,2.14,1.956,0.477,0.00000018,2
0.032,0.014,0.018,0.576,0.00000006,2
0.876,0.418,0.458,0.523,0.00000082,2
0.04,0.019,0.021,0.523,0.00000004,2
0.665,0.328,0.337,0.507,0.00000042,2
0.052,0.021,0.031,0.587,0.00000012,2
0.75,0.282,0.468,0.624,0.0000022,1
0.02,0.008,0.012,0.583,0.00000004,2
0.984,0.472,0.512,0.52,0.00000088,2
0.3,0.133,0.167,0.556,0.00000048,2
0.02,0.008,0.012,0.586,0.00000004,2
0.028,0.013,0.015,0.55,0.00000004,2
6.727,3.592,3.135,0.466,-0.00000122,4
2.463,1.319,1.144,0.464,-0.00000053,3
0.017,0.008,0.009,0.556,0.00000003,2
0.082,0.04,0.042,0.511,0.00000006,2
0.077,0.037,0.04,0.525,0.00000008,2
718.74,213.16,505.58,0.703,0.00324715,1
0.04,0.019,0.021,0.523,0.00000004,2
0.022,0.009,0.013,0.571,0.00000004,2
6.16,3.288,2.872,0.466,-0.0000011,4
0.067,0.031,0.036,0.541,0.00000009,2
0.325,0.132,0.193,0.593,0.00000076,2
0.061,0.03,0.031,0.508,0.00000004,2
0.094,0.04,0.054,0.577,0.00000019,2
0.063,0.03,0.033,0.53,0.00000007,2
4.899,1.799,3.1,0.633,0.00001525,1
0.06,0.025,0.035,0.577,0.00000012,2
0.021,0.01,0.011,0.543,0.00000003,2
0.508,0.212,0.296,0.582,0.00000107,1
0.011,0.005,0.006,0.521,0.00000001,2
0.3,0.113,0.187,0.624,0.00000088,2
0.826,0.385,0.441,0.534,0.00000096,2
0.031,0.015,0.016,0.518,0.00000003,2
0.031,0.013,0.018,0.592,0.00000007,2
0.969,0.452,0.517,0.534,0.00000112,1
328.32,292.847,35.473,0.108,-0.00238875,4
0.072,0.035,0.037,0.515,0.00000006,2
0.082,0.04,0.042,0.514,0.00000006,2
0.094,0.043,0.051,0.54,0.00000012,2
0.021,0.01,0.011,0.543,0.00000003,2
0.08,0.038,0.041,0.519,0.00000007,2
0.964,0.5,0.464,0.481,0.00000011,2
0.036,0.015,0.021,0.591,0.00000008,2
0.083,0.037,0.046,0.555,0.00000013,2
0.094,0.044,0.05,0.529,0.0000001,2
0.092,0.045,0.047,0.505,0.00000005,2
0.082,0.037,0.045,0.55,0.00000012,2
0.04,0.017,0.023,0.568,0.00000007,2
0.067,0.031,0.036,0.541,0.00000009,2
0.042,0.019,0.023,0.554,0.00000007,2
0.025,0.011,0.014,0.549,0.00000004,2
0.08,0.037,0.043,0.541,0.0000001,2
0.012,0.006,0.006,0.507,0.00000001,2
0.082,0.037,0.045,0.55,0.00000012,2
0.011,0.005,0.006,0.568,0.00000002,2
0.017,0.008,0.009,0.555,0.00000003,2
0.482,0.176,0.306,0.634,0.00000151,1
0.015,0.007,0.008,0.528,0.00000002,2
0.524,0.189,0.335,0.64,0.0000017,1
0.041,0.018,0.023,0.559,0.00000007,2
0.082,0.04,0.042,0.511,0.00000006,2
0.013,0.005,0.008,0.594,0.00000003,2
0.07,0.034,0.036,0.512,0.00000005,2
0.07,0.034,0.036,0.512,0.00000005,2
0.054,0.023,0.031,0.568,0.0000001,2
0.043,0.019,0.024,0.547,0.00000006,2
0.083,0.038,0.045,0.538,0.0000001,2
0.016,0.007,0.009,0.544,0.00000002,2
0.082,0.038,0.044,0.53,0.00000009,2
4.72,2.385,2.335,0.495,0.00000182,1
5.37,2.209,3.161,0.589,0.00001204,1
0.03,0.013,0.017,0.552,0.00000005,2
0.012,0.005,0.007,0.581,0.00000003,2
0.08,0.038,0.041,0.519,0.00000007,2
0.016,0.008,0.008,0.517,0.00000001,2
0.077,0.035,0.042,0.541,0.0000001,2
2.628,1.346,1.282,0.488,0.00000066,2
0.512,0.268,0.244,0.477,0.00000002,2
0.022,0.009,0.013,0.571,0.00000004,2
0.323,0.151,0.172,0.534,0.00000037,2
0.092,0.045,0.047,0.505,0.00000005,2
0.013,0.006,0.007,0.561,0.00000002,2
2.075,1.076,0.999,0.481,0.00000025,2
0.093,0.043,0.05,0.539,0.00000012,2
0.086,0.036,0.05,0.579,0.00000018,2
0.012,0.006,0.006,0.51,0.00000001,2
0.06,0.025,0.035,0.577,0.00000012,2
2.565,1.093,1.472,0.574,0.000005,1
0.086,0.04,0.046,0.536,0.0000001,2
0.036,0.015,0.021,0.591,0.00000008,2
0.017,0.008,0.009,0.519,0.00000001,2
0.04,0.017,0.023,0.568,0.00000007,2
0.08,0.038,0.041,0.519,0.00000007,2
1.688,0.668,1.02,0.604,0.00000431,1
0.063,0.03,0.033,0.53,0.00000007,2
1.349,0.507,0.842,0.624,0.00000396,1
78.44,42.323,36.117,0.46,-0.00002294,4
0.017,0.008,0.009,0.556,0.00000003,2
0.013,0.005,0.008,0.594,0.00000003,2
4.896,2.233,2.663,0.544,0.00000665,1
0.015,0.007,0.008,0.544,0.00000002,2
0.094,0.044,0.05,0.529,0.0000001,2
0.022,0.01,0.012,0.562,0.00000004,2
0.048,0.022,0.026,0.539,0.00000006,2
447.48,284.522,162.958,0.364,-0.00098467,4
2.904,1.288,1.616,0.556,0.00000466,1
0.011,0.004,0.007,0.594,0.00000003,2
0.011,0.004,0.007,0.594,0.00000003,2
0.012,0.006,0.006,0.508,0.00000001,2
3.798,1.502,2.296,0.604,0.00000969,1
0.065,0.028,0.037,0.57,0.00000012,2
3.008,1.155,1.853,0.616,0.00000836,1
0.072,0.029,0.043,0.592,0.00000017,2
0.07,0.029,0.041,0.585,0.00000015,2
0.082,0.037,0.045,0.55,0.00000012,2
0.073,0.033,0.04,0.55,0.00000011,2
0.06,0.025,0.035,0.577,0.00000012,2
0.015,0.007,0.008,0.544,0.00000002,2
2.41,0.882,1.528,0.634,0.00000755,1
0.066,0.029,0.037,0.568,0.00000012,2
1.016,0.424,0.592,0.582,0.00000215,1
0.011,0.005,0.006,0.569,0.00000002,2
0.074,0.034,0.04,0.547,0.00000011,2
0.03,0.013,0.017,0.569,0.00000006,2
0.073,0.033,0.04,0.55,0.00000011,2
8.649,4.618,4.031,0.466,-0.00000157,4
0.092,0.039,0.053,0.574,0.00000018,2
0.068,0.03,0.038,0.553,0.0000001,2
2.565,1.093,1.472,0.574,0.000005,1
0.074,0.034,0.04,0.547,0.00000011,2
0.072,0.029,0.043,0.592,0.00000017,2
0.083,0.038,0.045,0.538,0.0000001,2
2.31,0.939,1.371,0.593,0.00000539,1
0.085,0.04,0.045,0.533,0.0000001,2
1.588,0.779,0.809,0.509,0.00000107,1
0.072,0.029,0.043,0.592,0.00000017,2
0.05,0.02,0.03,0.59,0.00000011,2
0.086,0.036,0.05,0.579,0.00000018,2
0.093,0.038,0.055,0.592,0.00000021,2
0.012,0.006,0.006,0.507,0.00000001,2
0.02,0.008,0.012,0.583,0.00000004,2
1.016,0.424,0.592,0.582,0.00000215,1
0.02,0.01,0.01,0.523,0.00000002,2
0.014,0.006,0.008,0.592,0.00000003,2
2.685,1.104,1.581,0.589,0.00000602,1
0.054,0.023,0.031,0.568,0.0000001,2
4.4,2.349,2.051,0.466,-0.00000078,3
0.011,0.004,0.007,0.594,0.00000003,2
2.832,1.431,1.401,0.495,0.00000109,1
2.032,0.849,1.183,0.582,0.0000043,1
0.031,0.014,0.017,0.549,0.00000005,2
0.085,0.04,0.045,0.533,0.0000001,2
7.16,2.945,4.215,0.589,0.00001605,1
0.012,0.005,0.007,0.587,0.00000003,2
0.06,0.027,0.033,0.551,0.00000009,2
4.4,2.349,2.051,0.466,-0.00000078,3
0.048,0.022,0.026,0.539,0.00000006,2
1.694,0.769,0.925,0.546,0.00000238,1
1.874,0.871,1.003,0.535,0.00000221,1
1.76,0.939,0.821,0.466,-0.00000031,3
0.826,0.385,0.441,0.534,0.00000096,2
1.815,0.805,1.01,0.556,0.00000291,1
0.036,0.015,0.021,0.591,0.00000008,2
0.031,0.013,0.018,0.592,0.00000007,2
0.085,0.04,0.045,0.533,0.0000001,2
0.031,0.015,0.016,0.518,0.00000003,2
0.03,0.013,0.016,0.552,0.00000005,2
4.284,1.954,2.33,0.544,0.00000582,1
0.015,0.007,0.008,0.544,0.00000002,2
0.022,0.009,0.013,0.571,0.00000004,2
0.9,0.4,0.5,0.556,0.00000144,1
0.086,0.036,0.05,0.579,0.00000018,2
0.438,0.224,0.214,0.488,0.00000011,2
1.446,0.529,0.917,0.634,0.00000453,1
0.068,0.03,0.038,0.553,0.0000001,2
9.61,5.131,4.479,0.466,-0.00000174,4
0.016,0.007,0.009,0.546,0.00000002,2
0.05,0.021,0.029,0.576,0.0000001,2
0.08,0.037,0.043,0.541,0.0000001,2
0.086,0.04,0.046,0.536,0.0000001,2
0.07,0.029,0.041,0.585,0.00000015,2
0.013,0.006,0.007,0.561,0.00000002,2
0.082,0.04,0.042,0.514,0.00000006,2
0.076,0.034,0.042,0.551,0.00000011,2
1.484,0.777,0.707,0.476,0.00000003,2
0.016,0.007,0.009,0.544,0.00000002,2
0.025,0.012,0.013,0.508,0.00000002,2
0.03,0.013,0.017,0.552,0.00000005,2
0.363,0.137,0.226,0.623,0.00000106,1
0.438,0.224,0.214,0.488,0.00000011,2
0.074,0.036,0.038,0.515,0.00000006,2
0.035,0.015,0.02,0.558,0.00000006,2
0.021,0.009,0.012,0.58,0.00000004,2
0.011,0.005,0.006,0.569,0.00000002,2
1.88,0.722,1.158,0.616,0.00000522,1
0.02,0.008,0.012,0.583,0.00000004,2
0.043,0.019,0.024,0.547,0.00000006,2
0.082,0.04,0.042,0.514,0.00000006,2
23.32,12.583,10.737,0.46,-0.00000682,4
0.074,0.036,0.038,0.515,0.00000006,2
0.054,0.023,0.031,0.568,0.0000001,2
0.047,0.022,0.025,0.522,0.00000004,2
0.037,0.017,0.02,0.553,0.00000006,2
0.021,0.01,0.011,0.51,0.00000001,2
0.043,0.019,0.024,0.547,0.00000006,2
0.07,0.032,0.037,0.536,0.00000008,2
0.094,0.043,0.051,0.54,0.00000012,2
0.07,0.029,0.041,0.585,0.00000015,2
0.017,0.008,0.009,0.555,0.00000003,2
0.082,0.037,0.045,0.55,0.00000012,2
0.065,0.031,0.034,0.517,0.00000005,2
0.1,0.047,0.053,0.528,0.0000001,2
1.938,0.903,1.035,0.534,0.00000225,1
0.03,0.013,0.016,0.552,0.00000005,2
0.028,0.013,0.015,0.55,0.00000004,2
0.02,0.01,0.01,0.523,0.00000002,2
0.074,0.032,0.042,0.572,0.00000014,2
0.012,0.006,0.006,0.51,0.00000001,2
0.091,0.042,0.049,0.544,0.00000012,2
0.035,0.015,0.02,0.558,0.00000006,2
0.061,0.03,0.031,0.508,0.00000004,2
0.04,0.017,0.023,0.568,0.00000007,2
0.083,0.037,0.046,0.555,0.00000013,2
2.496,1.079,1.417,0.568,0.00000456,1
0.014,0.006,0.008,0.579,0.00000003,2
0.895,0.368,0.527,0.589,0.00000201,1
351.74,12.812,338.928,0.964,0.00339368,1
0.012,0.006,0.006,0.508,0.00000001,2
0.068,0.03,0.038,0.553,0.0000001,2
0.074,0.036,0.038,0.515,0.00000006,2
0.015,0.007,0.008,0.528,0.00000002,2
0.052,0.021,0.031,0.587,0.00000012,2
0.073,0.033,0.04,0.551,0.00000011,2
0.074,0.036,0.038,0.515,0.00000006,2
0.508,0.212,0.296,0.582,0.00000107,1
0.061,0.03,0.031,0.508,0.00000004,2
0.02,0.009,0.011,0.541,0.00000003,2
0.052,0.021,0.031,0.587,0.00000012,2
0.924,0.333,0.591,0.639,0.000003,1
5.544,2.821,2.723,0.491,0.00000174,1
207.92,132.202,75.718,0.364,-0.0004568,4
0.095,0.047,0.048,0.509,0.00000006,2
2.868,1.23,1.638,0.571,0.00000543,1
0.68,0.335,0.345,0.508,0.00000044,2
0.484,0.183,0.301,0.623,0.00000141,1
0.532,0.216,0.316,0.595,0.00000126,1
0.05,0.02,0.03,0.59,0.00000011,2
0.017,0.008,0.009,0.531,0.00000002,2
0.012,0.006,0.006,0.51,0.00000001,2
151.33,5.512,145.818,0.964,0.00145996,1
0.06,0.027,0.033,0.551,0.00000009,2
0.026,0.013,0.013,0.508,0.00000002,2
7.128,3.628,3.5,0.491,0.00000223,1
0.083,0.038,0.045,0.538,0.0000001,2
0.899,0.338,0.561,0.624,0.00000264,1
0.022,0.01,0.012,0.562,0.00000004,2
0.093,0.038,0.055,0.592,0.00000021,2
0.013,0.005,0.008,0.594,0.00000003,2
0.067,0.031,0.036,0.541,0.00000009,2
0.043,0.019,0.024,0.547,0.00000006,2
0.048,0.022,0.026,0.539,0.00000006,2
4.746,1.762,2.984,0.629,0.00001439,1
0.03,0.013,0.017,0.569,0.00000006,2
2.632,1.011,1.621,0.616,0.00000731,1
0.082,0.04,0.042,0.511,0.00000006,2
0.016,0.007,0.009,0.544,0.00000002,2
0.067,0.031,0.036,0.541,0.00000009,2
1.434,0.615,0.819,0.571,0.00000272,1
1.072,0.49,0.582,0.543,0.00000142,1
1.064,0.431,0.633,0.595,0.00000251,1
0.03,0.013,0.016,0.552,0.00000005,2
5.824,2.518,3.306,0.568,0.00001064,1
0.07,0.034,0.036,0.512,0.00000005,2
0.08,0.038,0.041,0.519,0.00000007,2
0.894,0.365,0.529,0.592,0.00000206,1
4.023,1.641,2.382,0.592,0.00000929,1
2.625,1.402,1.223,0.466,-0.00000049,3
1.4,0.514,0.886,0.633,0.00000436,1
0.016,0.007,0.009,0.546,0.00000002,2
0.076,0.034,0.042,0.557,0.00000012,2
406.8,258.656,148.144,0.364,-0.00089492,4
1.932,0.905,1.027,0.531,0.00000215,1
0.015,0.007,0.008,0.528,0.00000002,2
2.034,0.755,1.279,0.629,0.00000616,1
2.64,1.409,1.231,0.466,-0.00000047,3
0.794,0.39,0.404,0.509,0.00000053,2
3.748,1.743,2.005,0.535,0.00000442,1
0.035,0.015,0.02,0.581,0.00000007,2
0.093,0.043,0.05,0.539,0.00000012,2
0.095,0.047,0.048,0.509,0.00000006,2
0.012,0.005,0.007,0.587,0.00000003,2
1.245,0.646,0.599,0.481,0.00000015,2
0.022,0.01,0.012,0.562,0.00000004,2
0.093,0.038,0.055,0.592,0.00000021,2
5.152,2.414,2.738,0.531,0.00000573,1
4.78,2.05,2.73,0.571,0.00000906,1
0.093,0.043,0.05,0.539,0.00000012,2
0.323,0.151,0.172,0.534,0.00000037,2
0.035,0.015,0.02,0.581,0.00000007,2
0.027,0.011,0.016,0.585,0.00000006,2
2.28,0.971,1.309,0.574,0.00000445,1
1.456,0.588,0.868,0.596,0.00000347,1
0.424,0.222,0.202,0.476,0.00000001,2
0.08,0.039,0.041,0.515,0.00000006,2
0.07,0.032,0.037,0.536,0.00000008,2
4.992,2.158,2.834,0.568,0.00000912,1
2.463,1.319,1.144,0.464,-0.00000053,3
1.908,1,0.908,0.476,0.00000003,2
0.031,0.013,0.018,0.592,0.00000007,2
269.94,9.832,260.108,0.964,0.00260437,1
212.68,7.747,204.933,0.964,0.00205188,1
0.826,0.385,0.441,0.534,0.00000096,2
0.096,0.044,0.052,0.541,0.00000013,2
0.077,0.035,0.042,0.541,0.0000001,2
0.054,0.023,0.031,0.568,0.0000001,2
0.076,0.033,0.043,0.563,0.00000013,2
3.168,1.612,1.556,0.491,0.00000099,2
0.091,0.042,0.049,0.544,0.00000012,2
0.074,0.036,0.038,0.515,0.00000006,2
0.012,0.006,0.006,0.508,0.00000001,2
4.824,2.049,2.775,0.575,0.00000953,1
3.22,1.509,1.711,0.531,0.00000358,1
0.083,0.037,0.046,0.555,0.00000013,2
0.092,0.038,0.054,0.584,0.0000002,2
0.012,0.006,0.006,0.507,0.00000001,2
0.073,0.033,0.04,0.551,0.00000011,2
1.784,0.663,1.121,0.628,0.00000539,1
0.484,0.183,0.301,0.623,0.00000141,1
0.086,0.038,0.048,0.558,0.00000014,2
0.014,0.006,0.008,0.579,0.00000003,2
1.446,0.75,0.696,0.481,0.00000017,2
0.047,0.022,0.025,0.522,0.00000004,2
0.012,0.006,0.006,0.51,0.00000001,2
0.014,0.006,0.008,0.592,0.00000003,2
0.02,0.008,0.012,0.586,0.00000004,2
0.085,0.04,0.045,0.533,0.0000001,2
0.016,0.007,0.009,0.546,0.00000002,2
50.88,27.453,23.427,0.46,-0.00001488,4
2.007,0.746,1.261,0.628,0.00000607,1
0.012,0.006,0.006,0.508,0.00000001,2
1.687,0.618,1.069,0.634,0.00000529,1
0.092,0.045,0.047,0.505,0.00000005,2
2.584,1.204,1.38,0.534,0.00000299,1
0.857,0.418,0.439,0.512,0.00000062,2
0.076,0.033,0.043,0.563,0.00000013,2
0.063,0.03,0.033,0.53,0.00000007,2
0.085,0.04,0.045,0.533,0.0000001,2
0.031,0.015,0.016,0.518,0.00000003,2
0.093,0.038,0.055,0.592,0.00000021,2
0.438,0.209,0.229,0.523,0.00000041,2
0.1,0.054,0.046,0.463,-0.00000002,3
0.026,0.013,0.013,0.508,0.00000002,2
0.074,0.036,0.038,0.515,0.00000006,2
4.935,2.348,2.587,0.524,0.00000478,1
2.178,0.966,1.212,0.556,0.00000349,1
0.026,0.013,0.013,0.508,0.00000002,2
0.083,0.037,0.046,0.555,0.00000013,2
0.066,0.029,0.037,0.568,0.00000012,2
137.94,40.91,97.03,0.703,0.00062208,1
0.012,0.006,0.006,0.507,0.00000001,2
3.13,1.465,1.665,0.532,0.0000035,1
1.05,0.561,0.489,0.466,-0.00000019,3
0.07,0.034,0.036,0.512,0.00000005,2
0.03,0.013,0.016,0.552,0.00000005,2
0.091,0.042,0.049,0.544,0.00000012,2
1.922,1.026,0.896,0.466,-0.00000035,3
0.961,0.513,0.448,0.466,-0.00000017,3
0.013,0.005,0.008,0.594,0.00000003,2
1.274,0.515,0.759,0.596,0.00000304,1
0.2,0.089,0.111,0.556,0.00000032,2
0.508,0.212,0.296,0.582,0.00000107,1
0.036,0.015,0.021,0.591,0.00000008,2
0.06,0.027,0.033,0.551,0.00000009,2
